idx,new_name,original_name,size_bytes,mtime_epoch
1,CSV_1.csv,308KJXFUKKHQTQ0Q6UB1KYVU79CTA5_3GDTJDAPWOMBJRFLQ1VDQDQ0BNBM8P_A2JM0N62HTFAEW.csv,1164,1769303171.0716631
2,CSV_2.csv,308KJXFUKKHQTQ0Q6UB1KYVU79CTA5_3X87C8JFW0MKNQSMWS8ZODA6XIFQSG_A1320J8DOVF0R2.csv,1145,1769300798.1024458
3,CSV_3.csv,308KJXFUKKHQTQ0Q6UB1KYVU79CTA5_3IRIK4HM44VB6RK6KX4133PXBEI6C6_A3SBU9KRKZ4Q6I.csv,1108,1769300459.6947083
4,CSV_4.csv,308KJXFUKKHQTQ0Q6UB1KYVU79CTA5_3X87C8JFW0MKNQSMWS8ZODA6XIFQSG_A2HYQBXXKXWGNX.csv,470,1769300267.1118712
5,CSV_5.csv,308KJXFUKKHQTQ0Q6UB1KYVU79CTA5_3GDTJDAPWOMBJRFLQ1VDQDQ0BNBM8P_ALF1XY9ZRARF2.csv,136,1769300220.8069482
6,CSV_6.csv,308KJXFUKKHQTQ0Q6UB1KYVU79CTA5_3X4MXAO0CAZD68OVTC70QSNWZHARWU_AI3WITV3Z8GAJ.csv,1158,1769298718.66898
7,CSV_7.csv,308KJXFUKKHQTQ0Q6UB1KYVU79CTA5_3DPNQGW4MFQ8BN7RRIYJK5D9J1064S_A161V88XKC82L8.csv,1157,1769298635.9103272
8,CSV_8.csv,308KJXFUKKHQTQ0Q6UB1KYVU79CTA5_3UXUOQ9OL886HC1DJTD23MZ56MCA72_A1RKDWRVCYTMG5.csv,202,1769298242.6365044
9,CSV_9.csv,308KJXFUKKHQTQ0Q6UB1KYVU79CTA5_3MB8LZR5C94B8AZ1ZER1G5K26ICKL1_A6CU8RY1F1EWL.csv,136,1769298073.305142
10,CSV_10.csv,308KJXFUKKHQTQ0Q6UB1KYVU79CTA5_3VBEN272NEATA1Y8TW3NUZ64RV5GSA_AIR4HQN2I2VFQ.csv,1153,1769297954.3557763
11,CSV_11.csv,308KJXFUKKHQTQ0Q6UB1KYVU79CTA5_3634BBTX1I5Y2NZHD03R8C05HI0FIF_A1Q8BEL6CGOOEQ.csv,1157,1769297877.8442547
12,CSV_12.csv,308KJXFUKKHQTQ0Q6UB1KYVU79CTA5_3TVRFO09HEQHSAY8YX6Q6ZS42RQLXQ_A6E8THKO9UEHZ.csv,1145,1769297658.0398831
13,CSV_13.csv,308KJXFUKKHQTQ0Q6UB1KYVU79CTA5_3SNVL38CJY3I565VM1Y2DMUFC9XKCK_AF1YMQKZYGJYZ.csv,1155,1769297307.196908
14,CSV_14.csv,308KJXFUKKHQTQ0Q6UB1KYVU79CTA5_3VFJCI1K5TAH9MYVE73I4P185TMGRM_A16S5RFYCU05U4.csv,1152,1769297300.75078
15,CSV_15.csv,308KJXFUKKHQTQ0Q6UB1KYVU79CTA5_3KMS4QQVLW1P8IP5D3O3LSFI9MPFKQ_A5OFIDTV4K9VL.csv,1154,1769297300.6237774
16,CSV_16.csv,308KJXFUKKHQTQ0Q6UB1KYVU79CTA5_3Z7ISHFUIU6BIYE45QL7YFM9QROZ8E_A1Q76DHBSGOP1M.csv,1155,1769297194.3686676
17,CSV_17.csv,308KJXFUKKHQTQ0Q6UB1KYVU79CTA5_33JKGHPFZ65WMY2PW3KW8AGV0I6MN9_A3NGH4FZIL5LA4.csv,1151,1769297136.3435154
18,CSV_18.csv,308KJXFUKKHQTQ0Q6UB1KYVU79CTA5_3XLBSAQ90YN7IK9LVLT1KFQEF7IZ7R_A613Z62WJZZFP.csv,1137,1769296936.6235466
19,CSV_19.csv,308KJXFUKKHQTQ0Q6UB1KYVU79CTA5_3VELCLL3HEUN2H3J5TILGDJJ0GPF1N_A2R2F0VK1TMRDF.csv,1130,1769296793.931709
20,CSV_20.csv,308KJXFUKKHQTQ0Q6UB1KYVU79CTA5_3S3AMIZX4OGAR0ZLUKCF99ZPS00CDZ_AEHNWPNKS4BNU.csv,1157,1769296709.7860358
21,CSV_21.csv,308KJXFUKKHQTQ0Q6UB1KYVU79CTA5_333U7HK6J3QXZE5R4CT1WDCKIKAJDL_A1HY5LC2J0GGH3.csv,136,1769296520.9772809
22,CSV_22.csv,308KJXFUKKHQTQ0Q6UB1KYVU79CTA5_3HPZF4IVOG4DPBUCQGZTMU9QAO6CY7_A26JZCXT4WWHNU.csv,1152,1769296326.261408
23,CSV_23.csv,308KJXFUKKHQTQ0Q6UB1KYVU79CTA5_3NL0RFNU19YFA2SGTMSKUOIRKWGK47_A6S0KWK2DVSZ4.csv,1128,1769296209.9350963
24,CSV_24.csv,308KJXFUKKHQTQ0Q6UB1KYVU79CTA5_3X4MXAO0CAZD68OVTC70QSNWZHARWU_A1QU8AEUVYAP0D.csv,136,1769296149.0288856
25,CSV_25.csv,308KJXFUKKHQTQ0Q6UB1KYVU79CTA5_33OOO72IWBWH8PVIGACUEDHBVMPCTJ_AZV2KQT9MRY05.csv,1156,1769295989.1677084
26,CSV_26.csv,308KJXFUKKHQTQ0Q6UB1KYVU79CTA5_38F71OA9HN7KY6P8YF1J057MYRKMF2_AEJ4MAXD99FGZ.csv,1129,1769295965.7712433
27,CSV_27.csv,308KJXFUKKHQTQ0Q6UB1KYVU79CTA5_38BQUHLAAQBE4J21XIK9NZG0QSBMOO_A226UP695E72W0.csv,1149,1769295959.56512
28,CSV_28.csv,308KJXFUKKHQTQ0Q6UB1KYVU79CTA5_3FIJLY1B7OFQJ9MLQVTBH91H3WWFPS_A2N94XU62FQKB9.csv,1153,1769295818.5523171
29,CSV_29.csv,308KJXFUKKHQTQ0Q6UB1KYVU79CTA5_3GNCZX451CYVNI5DFF7J38QQ6GIPAO_A33BIDG1Y8U2XV.csv,1129,1769295754.468043
30,CSV_30.csv,308KJXFUKKHQTQ0Q6UB1KYVU79CTA5_3MMN5BL1XTFPIU9FEK0HZWIPV1FM3T_A35EP9KNTYUQHQ.csv,1130,1769295751.9869938
31,CSV_31.csv,308KJXFUKKHQTQ0Q6UB1KYVU79CTA5_3ZWFC4W1VOIBVM203NX0M41W4EJFRJ_AT9BZODUPJM57.csv,1125,1769295675.628476
32,CSV_32.csv,308KJXFUKKHQTQ0Q6UB1KYVU79CTA5_3XLBSAQ90YN7IK9LVLT1KFQEF7JZ7S_AJVEFBE59R7FR.csv,1127,1769295645.1818707
33,CSV_33.csv,308KJXFUKKHQTQ0Q6UB1KYVU79CTA5_3E1QT0TDGJKPN8PU5MXLYKJJUEOI82_AA8QDEBTJR0FF.csv,1279,1769295520.5153923
34,CSV_34.csv,308KJXFUKKHQTQ0Q6UB1KYVU79CTA5_36PW28KO5T7RQRGN61R89WRMS9GAEO_A5C2YAPKL94NJ.csv,1123,1769295448.869968
35,CSV_35.csv,308KJXFUKKHQTQ0Q6UB1KYVU79CTA5_3DY4FPOOBVZ0RJOQ32244Q4IS87VRN_A3N9F1AUUZS0Q.csv,1120,1769295444.3118775
36,CSV_36.csv,308KJXFUKKHQTQ0Q6UB1KYVU79CTA5_3ZOTGHDK6CMH2EF6HFGVZ8F6IHTOS2_A1983XS78VB1UB.csv,1153,1769295437.4877417
37,CSV_37.csv,308KJXFUKKHQTQ0Q6UB1KYVU79CTA5_31LVTDXBM1LXVECWPY0YHH6G1A6RL1_A25R8YSG6RNX4V.csv,1122,1769295362.6782544
38,CSV_38.csv,308KJXFUKKHQTQ0Q6UB1KYVU79CTA5_3B1NLC6UHT7WX9IG1FZTZU1T4BYGPU_A143NDSWNWHEZN.csv,1152,1769295343.5158734
39,CSV_39.csv,308KJXFUKKHQTQ0Q6UB1KYVU79CTA5_3MD9PLUKLCPWL518BSAQGCC4FMONZR_A27GSY14PFADC3.csv,1135,1769295301.1680315
40,CSV_40.csv,308KJXFUKKHQTQ0Q6UB1KYVU79CTA5_37TD41K0BBKGTPI3RA7448LPT3BCSU_A2U47DIRYP2GSC.csv,1146,1769295283.9866898
41,CSV_41.csv,308KJXFUKKHQTQ0Q6UB1KYVU79CTA5_3IAS3U3I19R4EL9ZJVW32623DOB2B9_A30QVQ7TCIP5H5.csv,1154,1769295275.5835228
42,CSV_42.csv,308KJXFUKKHQTQ0Q6UB1KYVU79CTA5_373ERPL3ZIJLERK1Y72P38GXVNSRT4_A1CQ4WJ7TKB20E.csv,1135,1769295106.3821585
43,CSV_43.csv,308KJXFUKKHQTQ0Q6UB1KYVU79CTA5_3DZQRBDBTFQSGPMKYHW3B5HVNQYS3C_A2QUODNZ2PGDL0.csv,1124,1769295098.5250022
44,CSV_44.csv,308KJXFUKKHQTQ0Q6UB1KYVU79CTA5_3NAPMVF00QQHC9696EKNX4G7UYK27N_AT2NA5MOOJU02.csv,1138,1769295066.621368
45,CSV_45.csv,308KJXFUKKHQTQ0Q6UB1KYVU79CTA5_3SNLUL3WPYYPB64DTSV3MST0899LUY_A2KGOQCVOWT6AN.csv,1131,1769295045.3119442
46,CSV_46.csv,sid_acf7fa799e69c_19bf22e7fc1.csv,1138,1769295042.192882
47,CSV_47.csv,308KJXFUKKHQTQ0Q6UB1KYVU79CTA5_3HOSI13XITZKWS5ZUG7QTFH7D0CDD0_A3RV9BSK0U5WLB.csv,1150,1769294794.1409397
48,CSV_48.csv,308KJXFUKKHQTQ0Q6UB1KYVU79CTA5_333U7HK6J3QXZE5R4CT1WDCKIKAJDL_A2JQG48B3N9DZS.csv,136,1769294721.8114967
49,CSV_49.csv,308KJXFUKKHQTQ0Q6UB1KYVU79CTA5_3MB8LZR5C94B8AZ1ZER1G5K26ICKL1_A3RG260P2Y8A00.csv,136,1769294695.306968
50,CSV_50.csv,308KJXFUKKHQTQ0Q6UB1KYVU79CTA5_3VELCLL3HEUN2H3J5TILGDJJ0GPF1N_A18586PZJ3LVUN.csv,136,1769294675.6725764
51,CSV_51.csv,308KJXFUKKHQTQ0Q6UB1KYVU79CTA5_36W0OB37IQP4B9FX8UFDBSF8TAFHZC_A2P61WZCXE96LU.csv,136,1769294660.6442764
52,CSV_52.csv,308KJXFUKKHQTQ0Q6UB1KYVU79CTA5_3KMS4QQVLW1P8IP5D3O3LSFI9MPFKQ_AMHFWBT4AEZMS.csv,136,1769294660.5072737
53,CSV_53.csv,308KJXFUKKHQTQ0Q6UB1KYVU79CTA5_3UXUOQ9OL886HC1DJTD23MZ56MCA72_A2HEP5JFQ33OKM.csv,136,1769294643.7879403
54,CSV_54.csv,308KJXFUKKHQTQ0Q6UB1KYVU79CTA5_3XLBSAQ90YN7IK9LVLT1KFQEF7IZ7R_A2J44J29O2BZ8A.csv,136,1769294637.012805
55,CSV_55.csv,308KJXFUKKHQTQ0Q6UB1KYVU79CTA5_3I02618YBUHF2RJBLKOA392KDJBPU1_A335DKZZ6BPFZV.csv,1147,1769294473.4595413
56,CSV_56.csv,308KJXFUKKHQTQ0Q6UB1KYVU79CTA5_3HYA4D453LUUR2LFOXIZLWTOSM3F24_A2C884QEI9I6HM.csv,1147,1769294416.7094088
57,CSV_57.csv,308KJXFUKKHQTQ0Q6UB1KYVU79CTA5_3TEM0PF1RZ8QX845I4JVE8XOJB4D08_A3EFMDKPQBDGLB.csv,1109,1769294286.2798052
58,CSV_58.csv,308KJXFUKKHQTQ0Q6UB1KYVU79CTA5_3K4J6M3CY84PA5CECWHW9ZCY5PWGAC_A2IBKVM2K4AE2D.csv,1124,1769294283.258745
59,CSV_59.csv,308KJXFUKKHQTQ0Q6UB1KYVU79CTA5_3WMINLGAM5ECTTW9AALDJ8RJ7X3ACV_A1SBU3NR9PS8WH.csv,1124,1769294269.4574695
60,CSV_60.csv,308KJXFUKKHQTQ0Q6UB1KYVU79CTA5_3JBT3HLQG2DWOQDLR7NIK1HZF1QPZQ_A1KX1FASM5YEVX.csv,1151,1769294240.9308999
61,CSV_61.csv,308KJXFUKKHQTQ0Q6UB1KYVU79CTA5_323Q6SJS9CRY6SOX7IL680ZQH5LHFO_A2NAT3DF4GRXOD.csv,1155,1769294203.0271432
62,CSV_62.csv,308KJXFUKKHQTQ0Q6UB1KYVU79CTA5_3K2755HG6MEHUCJVLM2GHFKSPDSFDD_A1WEKSD6OSW3P5.csv,1132,1769294197.2940288
63,CSV_63.csv,308KJXFUKKHQTQ0Q6UB1KYVU79CTA5_3H8DHMCCX3MSAYB9MXTDXSCXX99KDK_A6DOSAU7LXRO3.csv,1127,1769294128.389653
64,CSV_64.csv,308KJXFUKKHQTQ0Q6UB1KYVU79CTA5_3YT88D1N129US69CT8N1KJQL6WKK3M_A1PU0KQ64KZDPS.csv,1131,1769294066.8674247
65,CSV_65.csv,308KJXFUKKHQTQ0Q6UB1KYVU79CTA5_384PI804YMCWZXNNFUEK97JOKEES0H_A31JSMH0GJX5QH.csv,1128,1769294028.7026641
66,CSV_66.csv,308KJXFUKKHQTQ0Q6UB1KYVU79CTA5_3634BBTX1I5Y2NZHD03R8C05HI1IFJ_A7JM7SSM5J4XP.csv,1153,1769294021.018511
67,CSV_67.csv,308KJXFUKKHQTQ0Q6UB1KYVU79CTA5_32Q90QCQ2MWX24P9IS4X3AUIXLAKED_A2OUGWRLSBJEW0.csv,1134,1769293990.9289114
68,CSV_68.csv,308KJXFUKKHQTQ0Q6UB1KYVU79CTA5_3NGMS9VZUFTESWXRCSX65FND1Q8FFO_ACEG8AQ5O82ZY.csv,1134,1769293968.9354732
69,CSV_69.csv,308KJXFUKKHQTQ0Q6UB1KYVU79CTA5_3SEPORI8XHAP1M7J2O5LU6S4GFOZAI_A2C0SF9NC6RW78.csv,1157,1769293954.4441843
70,CSV_70.csv,308KJXFUKKHQTQ0Q6UB1KYVU79CTA5_3D8YOU6SA8V7SL166OP1X9B3IEKU6Z_AK62PWCJI7DT.csv,1129,1769293949.056077
71,CSV_71.csv,308KJXFUKKHQTQ0Q6UB1KYVU79CTA5_3GGAI1SQFP9DVU5Y7DBISZMJ1ESMCR_A2V1ZRVE29EO12.csv,1117,1769293884.7427952
72,CSV_72.csv,308KJXFUKKHQTQ0Q6UB1KYVU79CTA5_3WAKVUDHVQRQWLFBPYUT3NBZDP47UB_A1YDFJ5XJ71LO8.csv,1125,1769293858.2712677
73,CSV_73.csv,308KJXFUKKHQTQ0Q6UB1KYVU79CTA5_3QEMNNSB3RA4FJ4P3344TN7BRP9D77_A3EG7JOVR27LSN.csv,1153,1769293790.8379238
74,CSV_74.csv,308KJXFUKKHQTQ0Q6UB1KYVU79CTA5_3XC1O3LBPMXABTPOTN5THW7YPV2LT7_A20LMP1IR9Y5W7.csv,1123,1769293783.9877872
75,CSV_75.csv,308KJXFUKKHQTQ0Q6UB1KYVU79CTA5_36V4Q8R50EBHPVFHCVCDC4B05TTMQW_A3JR6E5UKAKLGD.csv,1130,1769293701.9081511
76,CSV_76.csv,308KJXFUKKHQTQ0Q6UB1KYVU79CTA5_3018Q3ZVPC1GZVLSS7B883Q57Y7AR2_ABNNZ9NBZPZRB.csv,1157,1769293691.3029397
77,CSV_77.csv,308KJXFUKKHQTQ0Q6UB1KYVU79CTA5_3R9WASFE3TRKXDORD4RD873VDV1ZFV_A3PBX3D17X0E0T.csv,1153,1769293686.399842
78,CSV_78.csv,308KJXFUKKHQTQ0Q6UB1KYVU79CTA5_3N8OEVH1GL124MNDAYZMF355LSQOO5_A1104J65SP4PX2.csv,1144,1769293672.409563
79,CSV_79.csv,308KJXFUKKHQTQ0Q6UB1KYVU79CTA5_3HQUKB7LO9PIKOF32896BLB3XKYHHM_A2FOPIPEDI4B42.csv,1131,1769293659.6423087
80,CSV_80.csv,308KJXFUKKHQTQ0Q6UB1KYVU79CTA5_3VP0C6EFTA7OFDWXXMYF6ZU95SHM6Z_A3PUY4ZB5250VU.csv,1144,1769293650.4491253
81,CSV_81.csv,308KJXFUKKHQTQ0Q6UB1KYVU79CTA5_3I02618YBUHF2RJBLKOA392KDJAUP5_A29NWXA1PI4OP3.csv,1157,1769293635.0388181
82,CSV_82.csv,308KJXFUKKHQTQ0Q6UB1KYVU79CTA5_3Z7EFSHGO3POP642LKDR3G2H8IDCX2_A1W6VK9D3ZSFQQ.csv,1125,1769293605.2162237
83,CSV_83.csv,308KJXFUKKHQTQ0Q6UB1KYVU79CTA5_3A4TN5197ETR3G4NGGV50UENKSTCH8_A2RNVCH6P060IW.csv,1131,1769293603.0431802
84,CSV_84.csv,308KJXFUKKHQTQ0Q6UB1KYVU79CTA5_35LDD55584FVESHMZQSGGIZR6N1MK4_AJPJ595EUC29K.csv,1155,1769293585.725835
85,CSV_85.csv,308KJXFUKKHQTQ0Q6UB1KYVU79CTA5_3R0T90IZ2MND3K9CWADNFU2M5SGCG9_A1DYUM3QGG3DKX.csv,1166,1769293536.7578588
86,CSV_86.csv,308KJXFUKKHQTQ0Q6UB1KYVU79CTA5_33M4IA01RACSV8TL3H3MSB138JFXRS_A2U3T567GUAUNC.csv,1152,1769293509.8553224
87,CSV_87.csv,308KJXFUKKHQTQ0Q6UB1KYVU79CTA5_3E47SOBEZK7RZBF7MYDQ06F2K58CI1_A36EK24KWK45PT.csv,1130,1769293475.7006414
88,CSV_88.csv,308KJXFUKKHQTQ0Q6UB1KYVU79CTA5_3ZAZR5XV1VTDU14HM21C01ISGI9ZCK_A93AFI9SLGLGG.csv,1132,1769293474.927626
89,CSV_89.csv,308KJXFUKKHQTQ0Q6UB1KYVU79CTA5_3I3WADAZAKFGWCHV5J3N6X5E4XM5OI_A1KMD3NEZJZKNP.csv,1129,1769293356.9232728
90,CSV_90.csv,308KJXFUKKHQTQ0Q6UB1KYVU79CTA5_3WJ1OXY934RAHQ6WTY58HMV0H6IA8P_AGVZ6H8KOQJ7L.csv,1152,1769293206.7912788
91,CSV_91.csv,308KJXFUKKHQTQ0Q6UB1KYVU79CTA5_3R2PKQ87OQJ48XRYZN7432KEEJCMIT_AD0KHHWG5YD4D.csv,1154,1769292663.6444886
92,CSV_92.csv,308KJXFUKKHQTQ0Q6UB1KYVU79CTA5_3483FV8BF8UY89S4N4FVRQGBZN026O_A3HSZB94SNO9V1.csv,1154,1769292662.0254564
93,CSV_93.csv,308KJXFUKKHQTQ0Q6UB1KYVU79CTA5_3907X2AHGUG6IFA920E4XQ7SUSQP2H_AMIL1T8ZDXF1D.csv,1161,1769292634.5349104
94,CSV_94.csv,308KJXFUKKHQTQ0Q6UB1KYVU79CTA5_3OVHNO1VF0CNZTAVMYWNK70A1ILZDK_A2A7SR0CIZ3X4U.csv,1237,1769292443.8311226
95,CSV_95.csv,308KJXFUKKHQTQ0Q6UB1KYVU79CTA5_3BV8HQ2Z0QCNDCN80J8AX8Z9BBSA63_A2QQKH1OCN5PNE.csv,1147,1769292162.3585317
96,CSV_96.csv,308KJXFUKKHQTQ0Q6UB1KYVU79CTA5_3QY7M81QI1XCTPAZVKQRX021BY7K7S_AHG2GJJEF9EER.csv,1105,1769291965.2726169
97,CSV_97.csv,308KJXFUKKHQTQ0Q6UB1KYVU79CTA5_3ZSANO2JD9INW12DICX5CE6SQG3FS8_A262SEFYMUJO1H.csv,2137,1769291887.1930656
98,CSV_98.csv,308KJXFUKKHQTQ0Q6UB1KYVU79CTA5_3E47SOBEZK7RZBF7MYDQ06F2K59IC8_A1PX4S4NF536S.csv,1148,1769291572.4138093
