pair_index,a_file,b_file
0,speech_0908_11e92880,sample002_4e908fd2
1,sample003_627b76ff,sample002_4e908fd2
2,sample003_627b76ff,sample222_bfe748cb
3,sample033_e451edf0,sample222_bfe748cb
4,sample033_e451edf0,sample141_8b2cf3b6
5,sample204_baf7f138,sample141_8b2cf3b6
6,sample183_ca767767,sample204_baf7f138
7,sample233_4e88157a,sample183_ca767767
8,sample233_4e88157a,sample079_906be0f9
9,sample079_906be0f9,sample174_728e16bc
10,sample197_9fb7ce5f,sample174_728e16bc
11,sample197_9fb7ce5f,speech_0432_ecc70f99
12,sample091_671e5ef1,speech_0432_ecc70f99
13,sample159_918aa5c3,sample091_671e5ef1
14,sample159_918aa5c3,sample137_f533bb44
15,sample120_df4b6c69,sample137_f533bb44
16,sample218_2eaffa66,sample120_df4b6c69
17,sample218_2eaffa66,sample189_b2eb371f
18,sample072_ca368684,sample189_b2eb371f
19,sample021_d21d4bb3,sample072_ca368684
20,speech_0658_4764b9a3,sample021_d21d4bb3
21,sample083_f5ef4dc7,speech_0658_4764b9a3
22,sample238_fdf5ca49,sample083_f5ef4dc7
23,sample238_fdf5ca49,sample184_2c9ff4fe
24,sample158_3554df76,sample184_2c9ff4fe
25,sample026_cce061cf,sample158_3554df76
26,speech_0431_a2bad463,sample026_cce061cf
27,sample200_d8677912,speech_0431_a2bad463
28,sample166_8454c459,sample200_d8677912
29,sample166_8454c459,sample109_2f2d8c0a
30,sample244_f01a5078,sample109_2f2d8c0a
31,sample244_f01a5078,sample053_a2bad463
32,sample053_a2bad463,sample092_7e1324ef
33,sample102_436dc55f,sample092_7e1324ef
34,sample201_5430f370,sample102_436dc55f
35,sample201_5430f370,sample170_e547d744
36,speech_0055_ac47e9d0,sample170_e547d744
37,sample067_224b9d42,speech_0055_ac47e9d0
38,sample067_224b9d42,sample037_79498522
39,sample037_79498522,speech_0522_cdf92033
40,speech_0522_cdf92033,sample011_25be81fc
41,sample011_25be81fc,sample064_0b854809
42,sample073_a3f37a12,sample064_0b854809
43,sample073_a3f37a12,sample234_553dcff0
44,sample234_553dcff0,sample057_29b21bea
45,speech_0556_f352d7d0,sample057_29b21bea
46,sample192_144a35f2,speech_0556_f352d7d0
47,sample192_144a35f2,speech_0718_5b8ec916
48,sample012_1a3238c3,speech_0718_5b8ec916
49,sample245_2638b53c,sample012_1a3238c3
50,sample097_0a02c41a,sample245_2638b53c
51,sample097_0a02c41a,sample025_76911851
52,sample239_70abef06,sample025_76911851
53,speech_0885_7e1324ef,sample239_70abef06
54,speech_0885_7e1324ef,sample100_7eeb677c
55,sample100_7eeb677c,sample113_8ada680d
56,sample224_1fc3e356,sample113_8ada680d
57,speech_0480_29b21bea,sample224_1fc3e356
58,speech_0480_29b21bea,sample105_f7a5e5bd
59,speech_0384_2aff3b5d,sample105_f7a5e5bd
60,speech_0384_2aff3b5d,sample115_2bd91ef1
61,sample198_ee0e18d2,sample115_2bd91ef1
62,sample126_ff7c90d7,sample198_ee0e18d2
63,sample081_44c869d5,sample126_ff7c90d7
64,sample081_44c869d5,sample194_328dbd2a
65,sample194_328dbd2a,sample058_30b13499
66,sample058_30b13499,sample104_e61bf93a
67,speech_0796_61baefa8,sample104_e61bf93a
68,speech_0796_61baefa8,speech_0307_79498522
69,sample241_9aeb4384,speech_0307_79498522
70,sample130_ed256ee8,sample241_9aeb4384
71,speech_0789_fc6b25d7,sample130_ed256ee8
72,sample220_5a48d9b6,speech_0789_fc6b25d7
73,sample220_5a48d9b6,sample066_f9dcce53
74,sample171_02b13e1c,sample066_f9dcce53
75,speech_0193_6457d3d0,sample171_02b13e1c
76,sample032_efba1c76,speech_0193_6457d3d0
77,sample008_056930c5,sample032_efba1c76
78,sample008_056930c5,sample089_101bfe11
79,sample230_47b01153,sample089_101bfe11
80,sample230_47b01153,speech_0488_ea36c31b
81,speech_0488_ea36c31b,sample087_61baefa8
82,sample142_1985425c,sample087_61baefa8
83,sample152_2c7a9e21,sample142_1985425c
84,sample152_2c7a9e21,sample219_9b7a084f
85,sample219_9b7a084f,sample101_fae0484f
86,speech_0389_e4494277,sample101_fae0484f
87,speech_0389_e4494277,sample111_4737c4d2
88,sample191_3361e30f,sample111_4737c4d2
89,sample056_f521058f,sample191_3361e30f
90,sample209_bed041d7,sample056_f521058f
91,sample209_bed041d7,sample027_cd0faf20
92,sample117_4997d25a,sample027_cd0faf20
93,sample117_4997d25a,speech_0966_122a179d
94,speech_0243_e451edf0,speech_0966_122a179d
95,speech_0334_e99d768e,speech_0243_e451edf0
96,speech_0334_e99d768e,sample023_41c39e41
97,sample023_41c39e41,speech_0843_101bfe11
98,speech_0843_101bfe11,speech_0882_671e5ef1
99,sample124_3f5d1a8c,speech_0882_671e5ef1
100,sample229_f92eb5b1,sample124_3f5d1a8c
101,sample176_db87a5a2,sample229_f92eb5b1
102,sample176_db87a5a2,speech_0025_82d2cad9
103,speech_0025_82d2cad9,speech_0650_ca368684
104,speech_0650_ca368684,sample128_3857eff1
105,sample128_3857eff1,speech_0943_f5a9d2bc
106,speech_0943_f5a9d2bc,speech_0123_41c39e41
107,speech_0320_06592579,speech_0123_41c39e41
108,sample080_20eca9e0,speech_0320_06592579
109,sample080_20eca9e0,speech_0749_20eca9e0
110,sample237_9472557e,speech_0749_20eca9e0
111,sample085_dd90578a,sample237_9472557e
112,sample035_2729e0e2,sample085_dd90578a
113,sample077_0b68117f,sample035_2729e0e2
114,sample077_0b68117f,speech_0752_44c869d5
115,sample060_c4420875,speech_0752_44c869d5
116,speech_0423_e847dff4,sample060_c4420875
117,sample139_6badff7b,speech_0423_e847dff4
118,sample139_6badff7b,sample167_a27abf78
119,sample167_a27abf78,speech_0927_0a02c41a
120,speech_0927_0a02c41a,sample217_6377ae91
121,sample217_6377ae91,speech_0228_c4c1f623
122,speech_0228_c4c1f623,sample236_f3d5c89f
123,sample236_f3d5c89f,sample041_06592579
124,sample041_06592579,sample156_fd7b9fa4
125,sample156_fd7b9fa4,sample185_0ea0912d
126,sample185_0ea0912d,sample116_e242d5ac
127,sample116_e242d5ac,sample136_390f0707
128,sample136_390f0707,sample038_e6b5ca93
129,sample038_e6b5ca93,sample140_9355c8d3
130,sample098_f5a9d2bc,sample140_9355c8d3
131,sample098_f5a9d2bc,sample150_0515f210
132,sample150_0515f210,sample078_5b8ec916
133,sample078_5b8ec916,sample129_f22c6f56
134,speech_0283_2729e0e2,sample129_f22c6f56
135,speech_0283_2729e0e2,speech_0573_f9dcce53
136,sample004_a72e2802,speech_0573_f9dcce53
137,sample004_a72e2802,sample043_e99d768e
138,sample043_e99d768e,speech_0411_cadff688
139,speech_0411_cadff688,sample188_0e995f08
140,sample188_0e995f08,sample063_768a6a1b
141,sample134_0b972e44,sample063_768a6a1b
142,sample086_fc6b25d7,sample134_0b972e44
143,sample086_fc6b25d7,speech_0041_a93d8cfa
144,sample039_d5a20d17,speech_0041_a93d8cfa
145,sample013_82d2cad9,sample039_d5a20d17
146,sample013_82d2cad9,sample051_cadff688
147,sample051_cadff688,sample211_a2b39b71
148,sample144_29c8262d,sample211_a2b39b71
149,sample119_a4f7dd43,sample144_29c8262d
150,sample119_a4f7dd43,sample231_a7ca1cbe
151,sample235_ea92f26e,sample231_a7ca1cbe
152,sample235_ea92f26e,speech_0652_a3f37a12
153,sample187_b0f03602,speech_0652_a3f37a12
154,speech_0304_c2d5e868,sample187_b0f03602
155,speech_0304_c2d5e868,sample151_0c634082
156,sample009_8fec8452,sample151_0c634082
157,sample118_96a1642f,sample009_8fec8452
158,speech_0780_f5ef4dc7,sample118_96a1642f
159,sample175_88993b09,speech_0780_f5ef4dc7
160,sample175_88993b09,speech_0757_1b5867e7
161,speech_0757_1b5867e7,speech_0848_e7880a98
162,speech_0848_e7880a98,sample088_4f85a4f9
163,sample076_2a6025df,sample088_4f85a4f9
164,sample076_2a6025df,sample164_6086e75c
165,sample195_26730d6d,sample164_6086e75c
166,sample195_26730d6d,sample212_4d3716b5
167,sample016_ac47e9d0,sample212_4d3716b5
168,speech_0065_c980f33d,sample016_ac47e9d0
169,sample248_79b27f7d,speech_0065_c980f33d
170,speech_0741_906be0f9,sample248_79b27f7d
171,sample107_a38717d4,speech_0741_906be0f9
172,sample107_a38717d4,sample138_f46547e5
173,sample138_f46547e5,sample181_a6621347
174,speech_0575_224b9d42,sample181_a6621347
175,speech_0575_224b9d42,sample208_160ca549
176,sample052_bcf1cb6d,sample208_160ca549
177,speech_0406_fae6bd3c,sample052_bcf1cb6d
178,speech_0406_fae6bd3c,sample193_a3aba001
179,speech_0502_c4420875,sample193_a3aba001
180,speech_0502_c4420875,sample048_e4494277
181,sample048_e4494277,sample006_fe39613e
182,sample190_762dfa42,sample006_fe39613e
183,sample190_762dfa42,sample009_36a064d0
184,sample246_e8541fc4,sample009_36a064d0
185,speech_0163_cd0faf20,sample246_e8541fc4
186,speech_0163_cd0faf20,sample022_dab4ef06
187,sample022_dab4ef06,sample099_122a179d
188,sample099_122a179d,sample029_6457d3d0
189,speech_0245_3c0550fc,sample029_6457d3d0
190,speech_0245_3c0550fc,speech_0890_6fbee84a
191,speech_0890_6fbee84a,speech_0630_1e1cdb9c
192,speech_0630_1e1cdb9c,sample205_29b101bc
193,sample205_29b101bc,speech_0542_768a6a1b
194,speech_0542_768a6a1b,sample007_6d0d70d7
195,sample007_6d0d70d7,sample017_e847dff4
196,sample017_e847dff4,sample173_2377df9e
197,sample173_2377df9e,speech_0310_d5a20d17
198,sample135_743c9b1f,speech_0310_d5a20d17
199,sample135_743c9b1f,speech_0205_9732143a
200,sample145_685d512c,speech_0205_9732143a
201,sample145_685d512c,sample010_86c5159a
202,speech_0975_7eeb677c,sample010_86c5159a
203,speech_0975_7eeb677c,sample177_0198da6e
204,speech_0681_0b68117f,sample177_0198da6e
205,speech_0039_ac17730c,speech_0681_0b68117f
206,speech_0039_ac17730c,sample024_50e90c97
207,sample014_ac17730c,sample024_50e90c97
208,sample014_ac17730c,sample207_2ca97251
209,sample207_2ca97251,sample108_d2b794a9
210,sample108_d2b794a9,sample223_e7455493
211,sample223_e7455493,sample042_70ed032c
212,sample232_cf98e3c8,sample042_70ed032c
213,speech_0144_76911851,sample232_cf98e3c8
214,speech_0144_76911851,sample055_fb292964
215,sample055_fb292964,speech_0021_1a3238c3
216,speech_0021_1a3238c3,sample227_23672cca
217,sample227_23672cca,sample068_f841a2c6
218,sample186_e5557310,sample068_f841a2c6
219,sample005_a84d1a77,sample186_e5557310
220,sample061_cdf92033,sample005_a84d1a77
221,speech_0788_dd90578a,sample061_cdf92033
222,speech_0788_dd90578a,sample215_cc025b5e
223,sample215_cc025b5e,sample084_c70d4e6b
224,sample084_c70d4e6b,speech_0628_ecd1d324
225,speech_0116_d21d4bb3,speech_0628_ecd1d324
226,speech_0460_fb292964,speech_0116_d21d4bb3
227,speech_0460_fb292964,sample028_28cee35c
228,sample028_28cee35c,sample155_0163e391
229,sample082_1b5867e7,sample155_0163e391
230,sample020_4a03fd2e,sample082_1b5867e7
231,sample020_4a03fd2e,sample090_e7880a98
232,sample202_3a6e070e,sample090_e7880a98
233,sample202_3a6e070e,sample178_f1334217
234,sample178_f1334217,sample163_35d6a180
235,sample163_35d6a180,speech_0784_c70d4e6b
236,sample125_1b5a54f4,speech_0784_c70d4e6b
237,sample114_fdb345bb,sample125_1b5a54f4
238,sample250_3e02512d,sample114_fdb345bb
239,speech_0175_28cee35c,sample250_3e02512d
240,sample106_56fd4274,speech_0175_28cee35c
241,sample210_ac1f93e1,sample106_56fd4274
242,sample210_ac1f93e1,sample149_46f6fc34
243,sample149_46f6fc34,sample172_7588bd44
244,speech_0657_0d740677,sample172_7588bd44
245,speech_0657_0d740677,speech_0539_daaf900c
246,sample216_ffa6ee05,speech_0539_daaf900c
247,sample059_ea36c31b,sample216_ffa6ee05
248,sample059_ea36c31b,speech_0898_039a7b60
249,speech_0898_039a7b60,speech_0121_dab4ef06
250,sample069_5cae6d79,speech_0121_dab4ef06
251,sample133_a07c1913,sample069_5cae6d79
252,sample179_5d46b53e,sample133_a07c1913
253,sample213_d8480af4,sample179_5d46b53e
254,sample213_d8480af4,sample199_40e217d7
255,sample199_40e217d7,speech_0338_e5a06143
256,sample018_c980f33d,speech_0338_e5a06143
257,sample075_4764b9a3,sample018_c980f33d
258,sample065_f352d7d0,sample075_4764b9a3
259,sample065_f352d7d0,sample044_e5a06143
260,sample034_3c0550fc,sample044_e5a06143
261,sample034_3c0550fc,sample242_bc639087
262,speech_0554_0b854809,sample242_bc639087
263,sample015_a93d8cfa,speech_0554_0b854809
264,sample094_6fbee84a,sample015_a93d8cfa
265,sample094_6fbee84a,sample095_039a7b60
266,sample095_039a7b60,sample093_1c1b1da8
267,sample093_1c1b1da8,sample147_b31be30b
268,sample122_e1166b1d,sample147_b31be30b
269,sample122_e1166b1d,sample161_04667130
270,speech_0990_50e90c97,sample161_04667130
271,speech_0990_50e90c97,speech_0363_14ac45b4
272,sample226_2d7ef8de,speech_0363_14ac45b4
273,sample226_2d7ef8de,sample146_36e0a56d
274,sample146_36e0a56d,speech_0621_5cae6d79
275,speech_0621_5cae6d79,speech_0474_f521058f
276,sample062_daaf900c,speech_0474_f521058f
277,sample148_b944223f,sample062_daaf900c
278,sample148_b944223f,sample153_285b89ed
279,sample054_ecc70f99,sample153_285b89ed
280,sample249_2bdfb1f1,sample054_ecc70f99
281,speech_0067_fb26ed47,sample249_2bdfb1f1
282,sample162_2cc0400c,speech_0067_fb26ed47
283,sample040_2bfbed5d,sample162_2cc0400c
284,sample045_14ac45b4,sample040_2bfbed5d
285,sample228_398bd9c3,sample045_14ac45b4
286,speech_0309_e6b5ca93,sample228_398bd9c3
287,speech_0309_e6b5ca93,sample071_1e1cdb9c
288,sample071_1e1cdb9c,sample121_76bcb529
289,sample112_44add070,sample121_76bcb529
290,speech_0407_4cbe8ba0,sample112_44add070
291,speech_0407_4cbe8ba0,sample096_11e92880
292,sample031_c4c1f623,sample096_11e92880
293,sample165_cdf5c82d,sample031_c4c1f623
294,sample123_fc41e8f2,sample165_cdf5c82d
295,sample123_fc41e8f2,sample169_2e4395a7
296,speech_0005_25be81fc,sample169_2e4395a7
297,sample001_3c29c5ba,speech_0005_25be81fc
298,sample203_3b23436c,sample001_3c29c5ba
299,sample203_3b23436c,sample046_3dda9f49
300,sample007_946106c1,sample046_3dda9f49
301,speech_0315_2bfbed5d,sample007_946106c1
302,sample030_9732143a,speech_0315_2bfbed5d
303,sample132_f2c32289,sample030_9732143a
304,sample132_f2c32289,speech_0158_cce061cf
305,speech_0158_cce061cf,sample225_ef9728ac
306,speech_0888_1c1b1da8,sample225_ef9728ac
307,speech_0888_1c1b1da8,speech_0332_70ed032c
308,speech_0332_70ed032c,sample103_540aea48
309,sample103_540aea48,sample160_ed88263c
310,sample221_0d7c78bd,sample160_ed88263c
311,sample180_e3d8d698,sample221_0d7c78bd
312,sample180_e3d8d698,sample050_4cbe8ba0
313,speech_0366_3dda9f49,sample050_4cbe8ba0
314,sample240_f834f12b,speech_0366_3dda9f49
315,sample168_22e2db9e,sample240_f834f12b
316,sample168_22e2db9e,sample036_c2d5e868
317,sample049_fae6bd3c,sample036_c2d5e868
318,sample157_b1148f69,sample049_fae6bd3c
319,sample157_b1148f69,sample074_0d740677
320,speech_0588_f841a2c6,sample074_0d740677
321,speech_0233_efba1c76,speech_0588_f841a2c6
322,sample127_7d7b8f84,speech_0233_efba1c76
323,sample127_7d7b8f84,speech_0664_2a6025df
324,speech_0664_2a6025df,sample047_2aff3b5d
325,speech_0812_4f85a4f9,sample047_2aff3b5d
326,sample143_caa0315c,speech_0812_4f85a4f9
327,sample143_caa0315c,sample070_ecd1d324
328,sample070_ecd1d324,speech_0060_b1cd40c7
329,speech_0060_b1cd40c7,sample110_8e91af50
330,speech_0484_30b13499,sample110_8e91af50
331,speech_0484_30b13499,sample182_fc65241d
332,sample243_1ced9527,sample182_fc65241d
333,sample243_1ced9527,sample154_f1fb8e99
334,sample154_f1fb8e99,sample206_cada7cf4
335,sample247_388ecf10,sample206_cada7cf4
336,sample247_388ecf10,speech_0098_4a03fd2e
337,sample131_26551668,speech_0098_4a03fd2e
338,sample131_26551668,sample019_fb26ed47
339,sample214_47d63bf9,sample019_fb26ed47
340,sample214_47d63bf9,sample196_3469b979
341,speech_0908_11e92880,sample196_3469b979
342,speech_0588_f841a2c6,sample130_ed256ee8
343,sample038_e6b5ca93,sample079_906be0f9
344,sample187_b0f03602,sample180_e3d8d698
345,sample066_f9dcce53,sample048_e4494277
346,speech_0741_906be0f9,sample051_cadff688
347,sample106_56fd4274,sample035_2729e0e2
348,sample063_768a6a1b,sample053_a2bad463
349,sample223_e7455493,sample087_61baefa8
350,sample218_2eaffa66,sample159_918aa5c3
351,sample150_0515f210,sample108_d2b794a9
352,speech_0898_039a7b60,sample026_cce061cf
353,sample002_4e908fd2,sample217_6377ae91
354,speech_0423_e847dff4,speech_0163_cd0faf20
355,sample040_2bfbed5d,sample129_f22c6f56
356,sample031_c4c1f623,sample244_f01a5078
357,sample025_76911851,sample075_4764b9a3
358,speech_0144_76911851,sample228_398bd9c3
359,speech_0848_e7880a98,speech_0304_c2d5e868
360,speech_0307_79498522,sample100_7eeb677c
361,sample246_e8541fc4,speech_0320_06592579
362,sample229_f92eb5b1,sample050_4cbe8ba0
363,speech_0908_11e92880,sample155_0163e391
364,sample141_8b2cf3b6,speech_0065_c980f33d
365,sample128_3857eff1,sample158_3554df76
366,speech_0556_f352d7d0,sample222_bfe748cb
367,sample247_388ecf10,sample105_f7a5e5bd
368,sample152_2c7a9e21,sample057_29b21bea
369,sample125_1b5a54f4,sample096_11e92880
370,sample101_fae0484f,sample081_44c869d5
371,speech_0193_6457d3d0,sample071_1e1cdb9c
372,sample013_82d2cad9,sample139_6badff7b
373,sample020_4a03fd2e,sample062_daaf900c
374,speech_0554_0b854809,sample027_cd0faf20
375,sample138_f46547e5,speech_0039_ac17730c
376,sample054_ecc70f99,sample058_30b13499
377,sample220_5a48d9b6,sample231_a7ca1cbe
378,sample133_a07c1913,speech_0502_c4420875
379,sample243_1ced9527,sample245_2638b53c
380,sample039_d5a20d17,sample162_2cc0400c
381,sample132_f2c32289,speech_0784_c70d4e6b
382,sample146_36e0a56d,sample153_285b89ed
383,sample216_ffa6ee05,sample116_e242d5ac
384,sample041_06592579,sample098_f5a9d2bc
385,sample082_1b5867e7,speech_0752_44c869d5
386,sample176_db87a5a2,sample065_f352d7d0
387,speech_0363_14ac45b4,sample161_04667130
388,sample137_f533bb44,sample249_2bdfb1f1
389,speech_0060_b1cd40c7,sample173_2377df9e
390,sample044_e5a06143,speech_0332_70ed032c
391,sample154_f1fb8e99,speech_0789_fc6b25d7
392,speech_0990_50e90c97,sample165_cdf5c82d
393,sample184_2c9ff4fe,sample023_41c39e41
394,sample015_a93d8cfa,sample030_9732143a
395,speech_0407_4cbe8ba0,speech_0628_ecd1d324
396,sample090_e7880a98,speech_0757_1b5867e7
397,sample083_f5ef4dc7,sample007_946106c1
398,sample126_ff7c90d7,sample215_cc025b5e
399,sample230_47b01153,sample148_b944223f
400,sample097_0a02c41a,sample203_3b23436c
401,sample149_46f6fc34,sample135_743c9b1f
402,sample197_9fb7ce5f,sample204_baf7f138
403,sample170_e547d744,sample022_dab4ef06
404,sample124_3f5d1a8c,sample032_efba1c76
405,sample136_390f0707,sample140_9355c8d3
406,sample112_44add070,sample206_cada7cf4
407,sample240_f834f12b,speech_0245_3c0550fc
408,speech_0315_2bfbed5d,speech_0233_efba1c76
409,sample010_86c5159a,sample195_26730d6d
410,sample094_6fbee84a,sample183_ca767767
411,speech_0283_2729e0e2,speech_0522_cdf92033
412,sample147_b31be30b,sample227_23672cca
413,sample037_79498522,sample084_c70d4e6b
414,speech_0788_dd90578a,sample224_1fc3e356
415,speech_0067_fb26ed47,sample017_e847dff4
416,sample077_0b68117f,speech_0573_f9dcce53
417,sample001_3c29c5ba,sample016_ac47e9d0
418,sample117_4997d25a,speech_0205_9732143a
419,speech_0243_e451edf0,sample115_2bd91ef1
420,sample111_4737c4d2,sample092_7e1324ef
421,speech_0542_768a6a1b,speech_0025_82d2cad9
422,sample171_02b13e1c,speech_0890_6fbee84a
423,speech_0158_cce061cf,sample102_436dc55f
424,speech_0943_f5a9d2bc,speech_0927_0a02c41a
425,sample188_0e995f08,speech_0658_4764b9a3
426,sample042_70ed032c,sample239_70abef06
427,speech_0488_ea36c31b,sample207_2ca97251
428,sample196_3469b979,sample167_a27abf78
429,sample091_671e5ef1,sample208_160ca549
430,sample120_df4b6c69,sample003_627b76ff
431,speech_0021_1a3238c3,sample078_5b8ec916
432,speech_0366_3dda9f49,sample076_2a6025df
433,sample131_26551668,sample085_dd90578a
434,speech_0843_101bfe11,sample007_6d0d70d7
435,sample134_0b972e44,sample019_fb26ed47
436,speech_0966_122a179d,sample226_2d7ef8de
437,sample072_ca368684,sample069_5cae6d79
438,speech_0406_fae6bd3c,sample110_8e91af50
439,sample209_bed041d7,sample232_cf98e3c8
440,sample210_ac1f93e1,sample089_101bfe11
441,sample121_76bcb529,sample014_ac17730c
442,speech_0310_d5a20d17,sample179_5d46b53e
443,sample080_20eca9e0,sample202_3a6e070e
444,speech_0411_cadff688,sample059_ea36c31b
445,sample201_5430f370,sample103_540aea48
446,sample067_224b9d42,speech_0575_224b9d42
447,sample163_35d6a180,sample004_a72e2802
448,speech_0175_28cee35c,sample036_c2d5e868
449,sample186_e5557310,speech_0630_1e1cdb9c
450,speech_0334_e99d768e,speech_0389_e4494277
451,speech_0098_4a03fd2e,sample046_3dda9f49
452,sample233_4e88157a,sample248_79b27f7d
453,sample181_a6621347,sample193_a3aba001
454,speech_0652_a3f37a12,speech_0888_1c1b1da8
455,sample169_2e4395a7,sample219_9b7a084f
456,sample198_ee0e18d2,sample086_fc6b25d7
457,sample205_29b101bc,sample043_e99d768e
458,sample052_bcf1cb6d,sample033_e451edf0
459,speech_0055_ac47e9d0,speech_0749_20eca9e0
460,sample151_0c634082,sample118_96a1642f
461,speech_0664_2a6025df,sample178_f1334217
462,sample068_f841a2c6,sample200_d8677912
463,speech_0718_5b8ec916,sample008_056930c5
464,speech_0123_41c39e41,sample189_b2eb371f
465,sample060_c4420875,speech_0621_5cae6d79
466,sample214_47d63bf9,speech_0005_25be81fc
467,sample160_ed88263c,sample088_4f85a4f9
468,sample168_22e2db9e,sample024_50e90c97
469,speech_0309_e6b5ca93,sample006_fe39613e
470,speech_0882_671e5ef1,sample123_fc41e8f2
471,speech_0460_fb292964,sample114_fdb345bb
472,speech_0228_c4c1f623,sample143_caa0315c
473,sample109_2f2d8c0a,sample236_f3d5c89f
474,speech_0975_7eeb677c,speech_0121_dab4ef06
475,sample194_328dbd2a,sample113_8ada680d
476,sample177_0198da6e,sample190_762dfa42
477,sample156_fd7b9fa4,sample093_1c1b1da8
478,sample174_728e16bc,speech_0657_0d740677
479,sample212_4d3716b5,sample034_3c0550fc
480,sample191_3361e30f,sample045_14ac45b4
481,speech_0796_61baefa8,sample241_9aeb4384
482,sample119_a4f7dd43,sample211_a2b39b71
483,sample225_ef9728ac,sample145_685d512c
484,sample061_cdf92033,speech_0384_2aff3b5d
485,sample235_ea92f26e,sample192_144a35f2
486,speech_0780_f5ef4dc7,sample234_553dcff0
487,speech_0431_a2bad463,sample237_9472557e
488,sample199_40e217d7,sample064_0b854809
489,sample172_7588bd44,speech_0474_f521058f
490,sample250_3e02512d,sample127_7d7b8f84
491,sample213_d8480af4,speech_0650_ca368684
492,speech_0116_d21d4bb3,sample182_fc65241d
493,sample157_b1148f69,sample055_fb292964
494,sample009_8fec8452,speech_0338_e5a06143
495,sample018_c980f33d,sample164_6086e75c
496,speech_0484_30b13499,sample009_36a064d0
497,sample122_e1166b1d,sample029_6457d3d0
498,sample056_f521058f,sample099_122a179d
499,sample070_ecd1d324,sample242_bc639087
500,speech_0885_7e1324ef,speech_0681_0b68117f
501,sample028_28cee35c,sample144_29c8262d
502,sample166_8454c459,speech_0041_a93d8cfa
503,sample238_fdf5ca49,sample005_a84d1a77
504,sample185_0ea0912d,sample049_fae6bd3c
505,sample221_0d7c78bd,speech_0812_4f85a4f9
506,sample021_d21d4bb3,sample011_25be81fc
507,sample175_88993b09,sample012_1a3238c3
508,sample074_0d740677,sample142_1985425c
509,sample047_2aff3b5d,sample107_a38717d4
510,sample073_a3f37a12,sample095_039a7b60
511,speech_0432_ecc70f99,speech_0480_29b21bea
512,sample104_e61bf93a,speech_0539_daaf900c
513,sample174_728e16bc,sample228_398bd9c3
514,sample007_946106c1,sample152_2c7a9e21
515,sample157_b1148f69,speech_0423_e847dff4
516,sample242_bc639087,sample029_6457d3d0
517,sample070_ecd1d324,sample233_4e88157a
518,sample026_cce061cf,speech_0389_e4494277
519,sample172_7588bd44,sample145_685d512c
520,sample102_436dc55f,sample190_762dfa42
521,sample095_039a7b60,sample183_ca767767
522,speech_0039_ac17730c,speech_0480_29b21bea
523,sample028_28cee35c,speech_0898_039a7b60
524,sample011_25be81fc,speech_0205_9732143a
525,speech_0193_6457d3d0,sample155_0163e391
526,sample169_2e4395a7,sample142_1985425c
527,speech_0658_4764b9a3,speech_0060_b1cd40c7
528,sample082_1b5867e7,sample042_70ed032c
529,sample024_50e90c97,sample107_a38717d4
530,sample013_82d2cad9,sample231_a7ca1cbe
531,sample085_dd90578a,speech_0304_c2d5e868
532,sample114_fdb345bb,sample007_6d0d70d7
533,sample094_6fbee84a,sample143_caa0315c
534,speech_0554_0b854809,sample073_a3f37a12
535,sample161_04667130,speech_0966_122a179d
536,sample223_e7455493,sample064_0b854809
537,sample097_0a02c41a,sample111_4737c4d2
538,sample237_9472557e,speech_0718_5b8ec916
539,sample197_9fb7ce5f,sample066_f9dcce53
540,sample147_b31be30b,sample216_ffa6ee05
541,speech_0927_0a02c41a,speech_0065_c980f33d
542,sample159_918aa5c3,sample165_cdf5c82d
543,sample168_22e2db9e,speech_0796_61baefa8
544,sample004_a72e2802,sample093_1c1b1da8
545,sample200_d8677912,speech_0460_fb292964
546,sample033_e451edf0,sample139_6badff7b
547,sample127_7d7b8f84,sample089_101bfe11
548,sample188_0e995f08,sample118_96a1642f
549,sample015_a93d8cfa,sample098_f5a9d2bc
550,speech_0975_7eeb677c,sample108_d2b794a9
551,speech_0474_f521058f,speech_0664_2a6025df
552,speech_0752_44c869d5,sample050_4cbe8ba0
553,sample104_e61bf93a,sample217_6377ae91
554,speech_0116_d21d4bb3,speech_0741_906be0f9
555,sample113_8ada680d,speech_0650_ca368684
556,speech_0406_fae6bd3c,sample201_5430f370
557,sample022_dab4ef06,sample059_ea36c31b
558,speech_0384_2aff3b5d,sample020_4a03fd2e
559,sample133_a07c1913,sample178_f1334217
560,sample009_8fec8452,speech_0784_c70d4e6b
561,speech_0315_2bfbed5d,sample207_2ca97251
562,sample138_f46547e5,sample149_46f6fc34
563,sample238_fdf5ca49,sample032_efba1c76
564,speech_0502_c4420875,sample120_df4b6c69
565,speech_0332_70ed032c,sample052_bcf1cb6d
566,sample156_fd7b9fa4,sample018_c980f33d
567,sample115_2bd91ef1,speech_0780_f5ef4dc7
568,sample019_fb26ed47,sample084_c70d4e6b
569,sample096_11e92880,sample235_ea92f26e
570,sample193_a3aba001,speech_0890_6fbee84a
571,sample117_4997d25a,sample030_9732143a
572,sample248_79b27f7d,sample105_f7a5e5bd
573,sample125_1b5a54f4,sample047_2aff3b5d
574,sample017_e847dff4,sample204_baf7f138
575,sample054_ecc70f99,sample036_c2d5e868
576,sample009_36a064d0,sample063_768a6a1b
577,sample121_76bcb529,speech_0573_f9dcce53
578,sample234_553dcff0,sample220_5a48d9b6
579,sample025_76911851,speech_0882_671e5ef1
580,sample160_ed88263c,sample227_23672cca
581,sample128_3857eff1,sample245_2638b53c
582,sample144_29c8262d,sample164_6086e75c
583,speech_0320_06592579,sample003_627b76ff
584,sample241_9aeb4384,sample041_06592579
585,speech_0630_1e1cdb9c,sample110_8e91af50
586,sample181_a6621347,speech_0885_7e1324ef
587,sample124_3f5d1a8c,speech_0407_4cbe8ba0
588,sample109_2f2d8c0a,sample012_1a3238c3
589,sample087_61baefa8,sample091_671e5ef1
590,sample187_b0f03602,sample195_26730d6d
591,sample225_ef9728ac,sample065_f352d7d0
592,speech_0123_41c39e41,speech_0067_fb26ed47
593,sample043_e99d768e,speech_0233_efba1c76
594,sample236_f3d5c89f,speech_0488_ea36c31b
595,speech_0652_a3f37a12,sample180_e3d8d698
596,sample060_c4420875,speech_0121_dab4ef06
597,speech_0041_a93d8cfa,sample210_ac1f93e1
598,speech_0431_a2bad463,sample175_88993b09
599,speech_0484_30b13499,sample008_056930c5
600,sample044_e5a06143,sample057_29b21bea
601,speech_0025_82d2cad9,sample100_7eeb677c
602,speech_0990_50e90c97,speech_0788_dd90578a
603,speech_0588_f841a2c6,sample053_a2bad463
604,sample184_2c9ff4fe,sample080_20eca9e0
605,sample039_d5a20d17,sample051_cadff688
606,sample031_c4c1f623,sample230_47b01153
607,sample163_35d6a180,sample148_b944223f
608,sample048_e4494277,speech_0309_e6b5ca93
609,sample076_2a6025df,sample189_b2eb371f
610,sample171_02b13e1c,speech_0681_0b68117f
611,sample141_8b2cf3b6,speech_0338_e5a06143
612,sample232_cf98e3c8,speech_0522_cdf92033
613,speech_0163_cd0faf20,speech_0432_ecc70f99
614,sample140_9355c8d3,sample116_e242d5ac
615,sample213_d8480af4,sample167_a27abf78
616,speech_0575_224b9d42,sample086_fc6b25d7
617,sample055_fb292964,speech_0539_daaf900c
618,sample067_224b9d42,sample247_388ecf10
619,sample203_3b23436c,sample122_e1166b1d
620,sample221_0d7c78bd,sample099_122a179d
621,sample106_56fd4274,sample186_e5557310
622,sample135_743c9b1f,sample243_1ced9527
623,speech_0749_20eca9e0,sample071_1e1cdb9c
624,sample218_2eaffa66,speech_0310_d5a20d17
625,sample078_5b8ec916,sample002_4e908fd2
626,sample198_ee0e18d2,sample192_144a35f2
627,speech_0175_28cee35c,speech_0943_f5a9d2bc
628,speech_0812_4f85a4f9,sample005_a84d1a77
629,sample130_ed256ee8,sample179_5d46b53e
630,sample006_fe39613e,sample119_a4f7dd43
631,sample134_0b972e44,sample239_70abef06
632,sample049_fae6bd3c,sample101_fae0484f
633,sample158_3554df76,sample112_44add070
634,sample250_3e02512d,sample202_3a6e070e
635,sample072_ca368684,sample126_ff7c90d7
636,speech_0021_1a3238c3,sample069_5cae6d79
637,speech_0366_3dda9f49,sample176_db87a5a2
638,sample010_86c5159a,speech_0245_3c0550fc
639,sample045_14ac45b4,sample209_bed041d7
640,sample170_e547d744,speech_0848_e7880a98
641,sample056_f521058f,sample151_0c634082
642,speech_0055_ac47e9d0,sample035_2729e0e2
643,sample088_4f85a4f9,sample182_fc65241d
644,sample211_a2b39b71,sample037_79498522
645,sample040_2bfbed5d,speech_0283_2729e0e2
646,speech_0628_ecd1d324,speech_0789_fc6b25d7
647,sample014_ac17730c,sample208_160ca549
648,sample173_2377df9e,sample132_f2c32289
649,sample196_3469b979,sample185_0ea0912d
650,sample244_f01a5078,sample246_e8541fc4
651,sample166_8454c459,sample021_d21d4bb3
652,speech_0621_5cae6d79,sample205_29b101bc
653,sample075_4764b9a3,sample061_cdf92033
654,speech_0556_f352d7d0,sample229_f92eb5b1
655,speech_0542_768a6a1b,sample023_41c39e41
656,speech_0908_11e92880,sample081_44c869d5
657,sample092_7e1324ef,sample206_cada7cf4
658,sample079_906be0f9,sample162_2cc0400c
659,sample058_30b13499,sample074_0d740677
660,sample062_daaf900c,sample249_2bdfb1f1
661,sample153_285b89ed,speech_0657_0d740677
662,speech_0363_14ac45b4,sample214_47d63bf9
663,sample194_328dbd2a,sample131_26551668
664,speech_0888_1c1b1da8,sample068_f841a2c6
665,speech_0144_76911851,sample240_f834f12b
666,sample226_2d7ef8de,sample215_cc025b5e
667,sample083_f5ef4dc7,sample016_ac47e9d0
668,sample222_bfe748cb,speech_0757_1b5867e7
669,sample038_e6b5ca93,sample177_0198da6e
670,sample150_0515f210,sample136_390f0707
671,speech_0243_e451edf0,sample146_36e0a56d
672,speech_0228_c4c1f623,sample034_3c0550fc
673,speech_0098_4a03fd2e,sample191_3361e30f
674,sample001_3c29c5ba,sample090_e7880a98
675,speech_0843_101bfe11,sample027_cd0faf20
676,speech_0411_cadff688,sample137_f533bb44
677,sample212_4d3716b5,sample123_fc41e8f2
678,sample199_40e217d7,speech_0005_25be81fc
679,sample129_f22c6f56,sample103_540aea48
680,sample154_f1fb8e99,sample077_0b68117f
681,sample219_9b7a084f,speech_0307_79498522
682,sample046_3dda9f49,speech_0334_e99d768e
683,sample224_1fc3e356,speech_0158_cce061cf
684,speech_0431_a2bad463,speech_0882_671e5ef1
685,speech_0245_3c0550fc,speech_0749_20eca9e0
686,sample035_2729e0e2,sample151_0c634082
687,sample120_df4b6c69,speech_0407_4cbe8ba0
688,sample204_baf7f138,sample235_ea92f26e
689,sample118_96a1642f,sample072_ca368684
690,sample009_36a064d0,sample247_388ecf10
691,sample020_4a03fd2e,sample096_11e92880
692,sample050_4cbe8ba0,sample226_2d7ef8de
693,sample076_2a6025df,sample130_ed256ee8
694,sample018_c980f33d,sample061_cdf92033
695,sample203_3b23436c,speech_0384_2aff3b5d
696,sample238_fdf5ca49,speech_0233_efba1c76
697,sample046_3dda9f49,sample211_a2b39b71
698,sample088_4f85a4f9,sample033_e451edf0
699,sample227_23672cca,speech_0885_7e1324ef
700,speech_0539_daaf900c,sample158_3554df76
701,sample051_cadff688,sample009_8fec8452
702,sample197_9fb7ce5f,sample121_76bcb529
703,speech_0522_cdf92033,sample010_86c5159a
704,sample114_fdb345bb,sample186_e5557310
705,sample179_5d46b53e,sample234_553dcff0
706,sample161_04667130,sample047_2aff3b5d
707,sample029_6457d3d0,speech_0163_cd0faf20
708,sample089_101bfe11,sample199_40e217d7
709,sample168_22e2db9e,sample108_d2b794a9
710,speech_0681_0b68117f,speech_0307_79498522
711,sample045_14ac45b4,sample116_e242d5ac
712,speech_0116_d21d4bb3,sample126_ff7c90d7
713,speech_0848_e7880a98,sample042_70ed032c
714,sample016_ac47e9d0,speech_0718_5b8ec916
715,sample165_cdf5c82d,speech_0630_1e1cdb9c
716,sample077_0b68117f,speech_0966_122a179d
717,speech_0283_2729e0e2,sample172_7588bd44
718,speech_0389_e4494277,speech_0575_224b9d42
719,sample216_ffa6ee05,sample058_30b13499
720,speech_0338_e5a06143,speech_0908_11e92880
721,sample122_e1166b1d,sample249_2bdfb1f1
722,sample124_3f5d1a8c,speech_0021_1a3238c3
723,sample159_918aa5c3,speech_0621_5cae6d79
724,speech_0741_906be0f9,sample200_d8677912
725,sample129_f22c6f56,sample111_4737c4d2
726,speech_0366_3dda9f49,sample127_7d7b8f84
727,sample202_3a6e070e,speech_0320_06592579
728,speech_0573_f9dcce53,sample152_2c7a9e21
729,sample154_f1fb8e99,sample218_2eaffa66
730,sample059_ea36c31b,sample024_50e90c97
731,sample113_8ada680d,speech_0796_61baefa8
732,sample098_f5a9d2bc,sample181_a6621347
733,sample147_b31be30b,sample014_ac17730c
734,sample137_f533bb44,sample090_e7880a98
735,sample007_6d0d70d7,sample070_ecd1d324
736,speech_0304_c2d5e868,sample049_fae6bd3c
737,sample017_e847dff4,sample225_ef9728ac
738,speech_0123_41c39e41,speech_0060_b1cd40c7
739,sample012_1a3238c3,sample163_35d6a180
740,sample001_3c29c5ba,sample193_a3aba001
741,speech_0041_a93d8cfa,sample104_e61bf93a
742,sample026_cce061cf,sample101_fae0484f
743,sample025_76911851,speech_0025_82d2cad9
744,sample068_f841a2c6,sample164_6086e75c
745,sample208_160ca549,sample232_cf98e3c8
746,sample015_a93d8cfa,sample157_b1148f69
747,sample075_4764b9a3,speech_0193_6457d3d0
748,sample007_946106c1,speech_0243_e451edf0
749,sample002_4e908fd2,sample123_fc41e8f2
750,sample185_0ea0912d,sample037_79498522
751,sample097_0a02c41a,speech_0556_f352d7d0
752,sample148_b944223f,sample080_20eca9e0
753,sample069_5cae6d79,sample048_e4494277
754,sample171_02b13e1c,sample078_5b8ec916
755,sample209_bed041d7,sample030_9732143a
756,sample237_9472557e,sample066_f9dcce53
757,sample155_0163e391,speech_0664_2a6025df
758,sample022_dab4ef06,sample083_f5ef4dc7
759,speech_0067_fb26ed47,sample207_2ca97251
760,sample102_436dc55f,sample183_ca767767
761,speech_0488_ea36c31b,sample019_fb26ed47
762,sample062_daaf900c,sample180_e3d8d698
763,sample141_8b2cf3b6,speech_0898_039a7b60
764,sample156_fd7b9fa4,sample229_f92eb5b1
765,sample217_6377ae91,sample032_efba1c76
766,sample242_bc639087,sample146_36e0a56d
767,sample244_f01a5078,sample241_9aeb4384
768,sample004_a72e2802,sample222_bfe748cb
769,sample057_29b21bea,speech_0480_29b21bea
770,sample006_fe39613e,speech_0065_c980f33d
771,sample162_2cc0400c,sample067_224b9d42
772,speech_0411_cadff688,speech_0927_0a02c41a
773,sample040_2bfbed5d,speech_0315_2bfbed5d
774,sample094_6fbee84a,sample115_2bd91ef1
775,sample187_b0f03602,sample233_4e88157a
776,speech_0460_fb292964,speech_0650_ca368684
777,sample239_70abef06,sample110_8e91af50
778,sample099_122a179d,sample145_685d512c
779,sample166_8454c459,sample190_762dfa42
780,sample188_0e995f08,sample215_cc025b5e
781,sample065_f352d7d0,sample106_56fd4274
782,sample074_0d740677,sample052_bcf1cb6d
783,sample184_2c9ff4fe,sample223_e7455493
784,sample084_c70d4e6b,speech_0423_e847dff4
785,sample082_1b5867e7,speech_0975_7eeb677c
786,speech_0628_ecd1d324,speech_0005_25be81fc
787,sample043_e99d768e,sample132_f2c32289
788,sample039_d5a20d17,sample117_4997d25a
789,speech_0309_e6b5ca93,speech_0789_fc6b25d7
790,sample135_743c9b1f,sample169_2e4395a7
791,sample034_3c0550fc,sample086_fc6b25d7
792,sample036_c2d5e868,sample150_0515f210
793,speech_0228_c4c1f623,sample073_a3f37a12
794,sample195_26730d6d,sample093_1c1b1da8
795,sample054_ecc70f99,speech_0890_6fbee84a
796,sample174_728e16bc,sample140_9355c8d3
797,sample023_41c39e41,sample107_a38717d4
798,sample248_79b27f7d,sample178_f1334217
799,speech_0310_d5a20d17,sample144_29c8262d
800,speech_0943_f5a9d2bc,sample091_671e5ef1
801,sample038_e6b5ca93,sample125_1b5a54f4
802,sample100_7eeb677c,sample177_0198da6e
803,sample027_cd0faf20,sample214_47d63bf9
804,speech_0474_f521058f,sample064_0b854809
805,sample055_fb292964,sample071_1e1cdb9c
806,sample212_4d3716b5,speech_0888_1c1b1da8
807,sample230_47b01153,sample153_285b89ed
808,sample231_a7ca1cbe,sample191_3361e30f
809,sample139_6badff7b,sample213_d8480af4
810,speech_0144_76911851,sample103_540aea48
811,speech_0542_768a6a1b,sample031_c4c1f623
812,speech_0757_1b5867e7,sample210_ac1f93e1
813,sample250_3e02512d,speech_0502_c4420875
814,sample160_ed88263c,sample133_a07c1913
815,sample005_a84d1a77,speech_0752_44c869d5
816,sample085_dd90578a,sample008_056930c5
817,sample240_f834f12b,sample131_26551668
818,sample081_44c869d5,sample220_5a48d9b6
819,sample219_9b7a084f,speech_0055_ac47e9d0
820,speech_0652_a3f37a12,sample196_3469b979
821,sample201_5430f370,sample053_a2bad463
822,sample189_b2eb371f,speech_0784_c70d4e6b
823,sample063_768a6a1b,sample021_d21d4bb3
824,sample206_cada7cf4,sample128_3857eff1
825,sample246_e8541fc4,speech_0990_50e90c97
826,sample079_906be0f9,speech_0158_cce061cf
827,speech_0363_14ac45b4,sample087_61baefa8
828,sample003_627b76ff,sample011_25be81fc
829,speech_0788_dd90578a,sample041_06592579
830,speech_0588_f841a2c6,sample112_44add070
831,sample119_a4f7dd43,sample194_328dbd2a
832,sample243_1ced9527,sample136_390f0707
833,sample044_e5a06143,sample198_ee0e18d2
834,sample228_398bd9c3,speech_0039_ac17730c
835,sample095_039a7b60,speech_0334_e99d768e
836,sample167_a27abf78,sample056_f521058f
837,speech_0812_4f85a4f9,sample149_46f6fc34
838,speech_0098_4a03fd2e,speech_0205_9732143a
839,sample236_f3d5c89f,sample028_28cee35c
840,speech_0432_ecc70f99,speech_0554_0b854809
841,sample134_0b972e44,speech_0484_30b13499
842,sample170_e547d744,sample105_f7a5e5bd
843,sample143_caa0315c,sample224_1fc3e356
844,sample176_db87a5a2,speech_0657_0d740677
845,sample173_2377df9e,speech_0121_dab4ef06
846,speech_0332_70ed032c,sample221_0d7c78bd
847,sample013_82d2cad9,sample138_f46547e5
848,sample182_fc65241d,sample142_1985425c
849,speech_0406_fae6bd3c,sample245_2638b53c
850,sample060_c4420875,speech_0780_f5ef4dc7
851,sample192_144a35f2,sample205_29b101bc
852,speech_0843_101bfe11,sample109_2f2d8c0a
853,speech_0658_4764b9a3,sample092_7e1324ef
854,sample175_88993b09,speech_0175_28cee35c
855,sample117_4997d25a,sample107_a38717d4
856,sample067_224b9d42,sample209_bed041d7
857,sample007_6d0d70d7,speech_0882_671e5ef1
858,sample098_f5a9d2bc,sample178_f1334217
859,sample052_bcf1cb6d,sample218_2eaffa66
860,sample104_e61bf93a,speech_0363_14ac45b4
861,sample171_02b13e1c,sample122_e1166b1d
862,sample066_f9dcce53,sample156_fd7b9fa4
863,sample084_c70d4e6b,speech_0650_ca368684
864,sample227_23672cca,speech_0098_4a03fd2e
865,sample023_41c39e41,sample069_5cae6d79
866,speech_0334_e99d768e,speech_0233_efba1c76
867,sample092_7e1324ef,speech_0588_f841a2c6
868,sample141_8b2cf3b6,speech_0657_0d740677
869,sample043_e99d768e,sample235_ea92f26e
870,speech_0116_d21d4bb3,sample232_cf98e3c8
871,speech_0432_ecc70f99,speech_0966_122a179d
872,sample238_fdf5ca49,sample101_fae0484f
873,sample243_1ced9527,sample080_20eca9e0
874,sample145_685d512c,sample237_9472557e
875,sample146_36e0a56d,speech_0055_ac47e9d0
876,sample157_b1148f69,speech_0628_ecd1d324
877,sample111_4737c4d2,sample190_762dfa42
878,sample144_29c8262d,sample159_918aa5c3
879,sample039_d5a20d17,sample184_2c9ff4fe
880,speech_0757_1b5867e7,sample124_3f5d1a8c
881,sample016_ac47e9d0,sample197_9fb7ce5f
882,sample176_db87a5a2,speech_0539_daaf900c
883,sample154_f1fb8e99,sample030_9732143a
884,sample005_a84d1a77,sample224_1fc3e356
885,sample064_0b854809,sample161_04667130
886,sample189_b2eb371f,sample055_fb292964
887,sample035_2729e0e2,speech_0488_ea36c31b
888,sample198_ee0e18d2,sample103_540aea48
889,sample086_fc6b25d7,sample109_2f2d8c0a
890,sample126_ff7c90d7,sample083_f5ef4dc7
891,speech_0315_2bfbed5d,sample183_ca767767
892,sample033_e451edf0,sample025_76911851
893,sample028_28cee35c,speech_0741_906be0f9
894,speech_0309_e6b5ca93,sample242_bc639087
895,sample149_46f6fc34,speech_0228_c4c1f623
896,speech_0575_224b9d42,sample180_e3d8d698
897,sample199_40e217d7,speech_0484_30b13499
898,sample132_f2c32289,speech_0542_768a6a1b
899,sample004_a72e2802,sample129_f22c6f56
900,sample250_3e02512d,sample177_0198da6e
901,sample148_b944223f,sample247_388ecf10
902,sample077_0b68117f,speech_0664_2a6025df
903,speech_0780_f5ef4dc7,sample204_baf7f138
904,sample118_96a1642f,sample078_5b8ec916
905,sample249_2bdfb1f1,sample110_8e91af50
906,speech_0460_fb292964,sample045_14ac45b4
907,sample014_ac17730c,sample142_1985425c
908,sample221_0d7c78bd,sample106_56fd4274
909,sample135_743c9b1f,speech_0304_c2d5e868
910,speech_0163_cd0faf20,sample036_c2d5e868
911,speech_0423_e847dff4,sample112_44add070
912,sample186_e5557310,sample172_7588bd44
913,speech_0307_79498522,sample240_f834f12b
914,sample074_0d740677,sample060_c4420875
915,sample073_a3f37a12,speech_0652_a3f37a12
916,sample058_30b13499,sample231_a7ca1cbe
917,speech_0573_f9dcce53,sample206_cada7cf4
918,sample170_e547d744,speech_0522_cdf92033
919,speech_0788_dd90578a,speech_0812_4f85a4f9
920,speech_0943_f5a9d2bc,sample181_a6621347
921,sample041_06592579,sample196_3469b979
922,sample131_26551668,sample056_f521058f
923,sample127_7d7b8f84,speech_0243_e451edf0
924,sample245_2638b53c,sample072_ca368684
925,sample053_a2bad463,sample061_cdf92033
926,speech_0890_6fbee84a,sample241_9aeb4384
927,sample192_144a35f2,speech_0749_20eca9e0
928,speech_0927_0a02c41a,sample179_5d46b53e
929,sample195_26730d6d,sample113_8ada680d
930,speech_0283_2729e0e2,speech_0067_fb26ed47
931,sample114_fdb345bb,sample009_36a064d0
932,sample210_ac1f93e1,sample244_f01a5078
933,sample091_671e5ef1,speech_0431_a2bad463
934,sample234_553dcff0,sample027_cd0faf20
935,sample174_728e16bc,sample185_0ea0912d
936,sample207_2ca97251,speech_0975_7eeb677c
937,sample188_0e995f08,sample100_7eeb677c
938,speech_0789_fc6b25d7,sample239_70abef06
939,sample193_a3aba001,sample002_4e908fd2
940,speech_0384_2aff3b5d,speech_0065_c980f33d
941,sample116_e242d5ac,sample070_ecd1d324
942,sample233_4e88157a,sample031_c4c1f623
943,speech_0752_44c869d5,speech_0502_c4420875
944,speech_0025_82d2cad9,sample057_29b21bea
945,sample017_e847dff4,speech_0158_cce061cf
946,speech_0039_ac17730c,sample115_2bd91ef1
947,sample230_47b01153,sample079_906be0f9
948,speech_0338_e5a06143,sample121_76bcb529
949,speech_0990_50e90c97,speech_0843_101bfe11
950,sample136_390f0707,sample229_f92eb5b1
951,sample049_fae6bd3c,sample003_627b76ff
952,speech_0041_a93d8cfa,sample162_2cc0400c
953,sample150_0515f210,speech_0205_9732143a
954,speech_0310_d5a20d17,sample175_88993b09
955,sample008_056930c5,sample147_b31be30b
956,sample167_a27abf78,sample155_0163e391
957,sample220_5a48d9b6,sample022_dab4ef06
958,sample222_bfe748cb,speech_0898_039a7b60
959,sample223_e7455493,speech_0888_1c1b1da8
960,sample020_4a03fd2e,speech_0021_1a3238c3
961,sample217_6377ae91,sample096_11e92880
962,sample089_101bfe11,sample203_3b23436c
963,sample212_4d3716b5,sample051_cadff688
964,sample216_ffa6ee05,sample165_cdf5c82d
965,sample001_3c29c5ba,sample040_2bfbed5d
966,sample168_22e2db9e,sample018_c980f33d
967,sample137_f533bb44,sample034_3c0550fc
968,sample059_ea36c31b,speech_0060_b1cd40c7
969,speech_0005_25be81fc,sample095_039a7b60
970,sample163_35d6a180,sample013_82d2cad9
971,sample011_25be81fc,sample062_daaf900c
972,sample152_2c7a9e21,sample158_3554df76
973,sample246_e8541fc4,sample219_9b7a084f
974,sample007_946106c1,sample050_4cbe8ba0
975,sample105_f7a5e5bd,sample010_86c5159a
976,speech_0621_5cae6d79,sample068_f841a2c6
977,sample205_29b101bc,sample046_3dda9f49
978,sample038_e6b5ca93,sample160_ed88263c
979,sample139_6badff7b,sample164_6086e75c
980,speech_0144_76911851,sample138_f46547e5
981,speech_0848_e7880a98,sample085_dd90578a
982,speech_0554_0b854809,sample153_285b89ed
983,sample081_44c869d5,speech_0718_5b8ec916
984,sample006_fe39613e,sample202_3a6e070e
985,speech_0681_0b68117f,speech_0411_cadff688
986,sample071_1e1cdb9c,sample225_ef9728ac
987,sample228_398bd9c3,speech_0908_11e92880
988,sample065_f352d7d0,sample024_50e90c97
989,sample120_df4b6c69,speech_0175_28cee35c
990,speech_0474_f521058f,speech_0407_4cbe8ba0
991,sample102_436dc55f,sample075_4764b9a3
992,sample054_ecc70f99,sample108_d2b794a9
993,sample211_a2b39b71,sample201_5430f370
994,sample214_47d63bf9,speech_0630_1e1cdb9c
995,speech_0658_4764b9a3,sample037_79498522
996,speech_0193_6457d3d0,sample021_d21d4bb3
997,sample087_61baefa8,speech_0796_61baefa8
998,sample134_0b972e44,sample094_6fbee84a
999,sample090_e7880a98,sample215_cc025b5e
1000,speech_0480_29b21bea,speech_0121_dab4ef06
1001,sample133_a07c1913,sample182_fc65241d
1002,sample019_fb26ed47,sample248_79b27f7d
1003,sample194_328dbd2a,sample236_f3d5c89f
1004,sample125_1b5a54f4,sample082_1b5867e7
1005,speech_0245_3c0550fc,speech_0406_fae6bd3c
1006,sample226_2d7ef8de,sample042_70ed032c
1007,sample088_4f85a4f9,sample130_ed256ee8
1008,sample076_2a6025df,sample099_122a179d
1009,sample097_0a02c41a,sample015_a93d8cfa
1010,sample169_2e4395a7,sample187_b0f03602
1011,sample143_caa0315c,sample200_d8677912
1012,sample047_2aff3b5d,speech_0320_06592579
1013,sample093_1c1b1da8,sample032_efba1c76
1014,sample119_a4f7dd43,sample128_3857eff1
1015,speech_0332_70ed032c,sample048_e4494277
1016,sample012_1a3238c3,sample151_0c634082
1017,speech_0556_f352d7d0,sample029_6457d3d0
1018,sample166_8454c459,sample123_fc41e8f2
1019,sample009_8fec8452,sample063_768a6a1b
1020,sample026_cce061cf,sample191_3361e30f
1021,sample140_9355c8d3,speech_0784_c70d4e6b
1022,speech_0366_3dda9f49,sample213_d8480af4
1023,speech_0885_7e1324ef,speech_0389_e4494277
1024,speech_0123_41c39e41,sample208_160ca549
1025,sample173_2377df9e,sample044_e5a06143
1026,sample178_f1334217,sample166_8454c459
1027,speech_0098_4a03fd2e,sample106_56fd4274
1028,sample194_328dbd2a,sample101_fae0484f
1029,speech_0309_e6b5ca93,speech_0158_cce061cf
1030,sample198_ee0e18d2,sample049_fae6bd3c
1031,sample131_26551668,speech_0908_11e92880
1032,sample247_388ecf10,sample100_7eeb677c
1033,sample021_d21d4bb3,sample141_8b2cf3b6
1034,sample060_c4420875,sample224_1fc3e356
1035,sample006_fe39613e,speech_0757_1b5867e7
1036,sample159_918aa5c3,speech_0927_0a02c41a
1037,sample169_2e4395a7,sample079_906be0f9
1038,sample190_762dfa42,speech_0474_f521058f
1039,sample151_0c634082,sample220_5a48d9b6
1040,sample116_e242d5ac,sample012_1a3238c3
1041,sample212_4d3716b5,sample155_0163e391
1042,sample041_06592579,speech_0890_6fbee84a
1043,sample172_7588bd44,sample124_3f5d1a8c
1044,speech_0407_4cbe8ba0,speech_0123_41c39e41
1045,sample081_44c869d5,sample207_2ca97251
1046,sample156_fd7b9fa4,sample109_2f2d8c0a
1047,sample004_a72e2802,sample206_cada7cf4
1048,speech_0575_224b9d42,sample127_7d7b8f84
1049,sample115_2bd91ef1,sample150_0515f210
1050,sample149_46f6fc34,sample023_41c39e41
1051,sample016_ac47e9d0,speech_0780_f5ef4dc7
1052,sample031_c4c1f623,sample188_0e995f08
1053,sample160_ed88263c,sample236_f3d5c89f
1054,sample053_a2bad463,sample199_40e217d7
1055,speech_0283_2729e0e2,sample186_e5557310
1056,sample191_3361e30f,sample090_e7880a98
1057,sample112_44add070,sample126_ff7c90d7
1058,sample201_5430f370,sample071_1e1cdb9c
1059,sample218_2eaffa66,sample138_f46547e5
1060,speech_0522_cdf92033,sample228_398bd9c3
1061,sample057_29b21bea,speech_0384_2aff3b5d
1062,sample105_f7a5e5bd,sample153_285b89ed
1063,sample094_6fbee84a,sample113_8ada680d
1064,sample117_4997d25a,sample072_ca368684
1065,sample211_a2b39b71,speech_0116_d21d4bb3
1066,sample193_a3aba001,sample098_f5a9d2bc
1067,speech_0502_c4420875,speech_0041_a93d8cfa
1068,speech_0885_7e1324ef,sample046_3dda9f49
1069,speech_0021_1a3238c3,speech_0175_28cee35c
1070,speech_0310_d5a20d17,sample070_ecd1d324
1071,speech_0060_b1cd40c7,sample089_101bfe11
1072,speech_0882_671e5ef1,sample167_a27abf78
1073,sample107_a38717d4,sample226_2d7ef8de
1074,speech_0539_daaf900c,speech_0588_f841a2c6
1075,sample200_d8677912,sample073_a3f37a12
1076,sample213_d8480af4,sample038_e6b5ca93
1077,speech_0304_c2d5e868,sample214_47d63bf9
1078,speech_0681_0b68117f,speech_0406_fae6bd3c
1079,sample210_ac1f93e1,sample040_2bfbed5d
1080,sample171_02b13e1c,sample248_79b27f7d
1081,sample137_f533bb44,speech_0460_fb292964
1082,sample024_50e90c97,sample225_ef9728ac
1083,speech_0621_5cae6d79,speech_0480_29b21bea
1084,speech_0784_c70d4e6b,sample082_1b5867e7
1085,sample234_553dcff0,speech_0966_122a179d
1086,speech_0556_f352d7d0,sample205_29b101bc
1087,sample002_4e908fd2,sample111_4737c4d2
1088,speech_0205_9732143a,speech_0320_06592579
1089,sample069_5cae6d79,speech_0975_7eeb677c
1090,speech_0243_e451edf0,sample203_3b23436c
1091,sample129_f22c6f56,sample209_bed041d7
1092,speech_0628_ecd1d324,sample173_2377df9e
1093,sample095_039a7b60,sample034_3c0550fc
1094,speech_0789_fc6b25d7,sample047_2aff3b5d
1095,sample037_79498522,sample125_1b5a54f4
1096,sample104_e61bf93a,sample003_627b76ff
1097,speech_0389_e4494277,sample246_e8541fc4
1098,sample044_e5a06143,speech_0554_0b854809
1099,sample184_2c9ff4fe,sample114_fdb345bb
1100,sample097_0a02c41a,sample026_cce061cf
1101,speech_0658_4764b9a3,speech_0039_ac17730c
1102,sample092_7e1324ef,sample085_dd90578a
1103,sample197_9fb7ce5f,sample062_daaf900c
1104,sample001_3c29c5ba,sample216_ffa6ee05
1105,sample027_cd0faf20,sample087_61baefa8
1106,speech_0718_5b8ec916,sample048_e4494277
1107,sample022_dab4ef06,sample068_f841a2c6
1108,sample011_25be81fc,sample033_e451edf0
1109,sample123_fc41e8f2,sample152_2c7a9e21
1110,sample175_88993b09,speech_0338_e5a06143
1111,speech_0652_a3f37a12,sample018_c980f33d
1112,speech_0752_44c869d5,speech_0630_1e1cdb9c
1113,sample110_8e91af50,sample157_b1148f69
1114,sample217_6377ae91,sample215_cc025b5e
1115,sample180_e3d8d698,speech_0848_e7880a98
1116,sample182_fc65241d,speech_0366_3dda9f49
1117,sample028_28cee35c,sample050_4cbe8ba0
1118,sample058_30b13499,sample168_22e2db9e
1119,sample161_04667130,sample249_2bdfb1f1
1120,speech_0121_dab4ef06,sample093_1c1b1da8
1121,sample202_3a6e070e,sample108_d2b794a9
1122,sample162_2cc0400c,sample103_540aea48
1123,speech_0005_25be81fc,speech_0193_6457d3d0
1124,sample051_cadff688,sample135_743c9b1f
1125,sample204_baf7f138,speech_0788_dd90578a
1126,speech_0484_30b13499,speech_0065_c980f33d
1127,sample043_e99d768e,sample055_fb292964
1128,sample174_728e16bc,sample074_0d740677
1129,sample223_e7455493,sample208_160ca549
1130,sample163_35d6a180,speech_0542_768a6a1b
1131,sample181_a6621347,sample019_fb26ed47
1132,speech_0943_f5a9d2bc,sample007_946106c1
1133,sample177_0198da6e,sample192_144a35f2
1134,sample132_f2c32289,speech_0334_e99d768e
1135,speech_0749_20eca9e0,sample147_b31be30b
1136,sample080_20eca9e0,sample165_cdf5c82d
1137,speech_0025_82d2cad9,sample139_6badff7b
1138,sample144_29c8262d,speech_0423_e847dff4
1139,sample170_e547d744,speech_0898_039a7b60
1140,sample134_0b972e44,sample077_0b68117f
1141,sample244_f01a5078,sample243_1ced9527
1142,sample084_c70d4e6b,speech_0812_4f85a4f9
1143,sample029_6457d3d0,speech_0144_76911851
1144,sample061_cdf92033,speech_0363_14ac45b4
1145,speech_0307_79498522,sample196_3469b979
1146,sample250_3e02512d,speech_0067_fb26ed47
1147,sample010_86c5159a,sample121_76bcb529
1148,sample099_122a179d,sample154_f1fb8e99
1149,sample078_5b8ec916,sample231_a7ca1cbe
1150,speech_0657_0d740677,sample005_a84d1a77
1151,speech_0573_f9dcce53,sample242_bc639087
1152,speech_0163_cd0faf20,speech_0233_efba1c76
1153,sample088_4f85a4f9,sample075_4764b9a3
1154,sample130_ed256ee8,sample091_671e5ef1
1155,sample009_36a064d0,sample039_d5a20d17
1156,sample233_4e88157a,sample045_14ac45b4
1157,sample239_70abef06,speech_0741_906be0f9
1158,sample014_ac17730c,sample035_2729e0e2
1159,sample118_96a1642f,sample146_36e0a56d
1160,sample140_9355c8d3,sample237_9472557e
1161,speech_0411_cadff688,sample064_0b854809
1162,sample230_47b01153,speech_0888_1c1b1da8
1163,speech_0245_3c0550fc,sample235_ea92f26e
1164,sample238_fdf5ca49,sample176_db87a5a2
1165,sample122_e1166b1d,sample056_f521058f
1166,sample185_0ea0912d,sample009_8fec8452
1167,sample241_9aeb4384,sample195_26730d6d
1168,sample145_685d512c,sample067_224b9d42
1169,speech_0488_ea36c31b,sample143_caa0315c
1170,sample036_c2d5e868,speech_0228_c4c1f623
1171,sample187_b0f03602,speech_0332_70ed032c
1172,speech_0055_ac47e9d0,speech_0796_61baefa8
1173,sample032_efba1c76,sample076_2a6025df
1174,speech_0432_ecc70f99,sample148_b944223f
1175,speech_0315_2bfbed5d,sample227_23672cca
1176,sample096_11e92880,sample158_3554df76
1177,sample052_bcf1cb6d,sample083_f5ef4dc7
1178,sample063_768a6a1b,sample059_ea36c31b
1179,sample240_f834f12b,sample007_6d0d70d7
1180,sample128_3857eff1,sample120_df4b6c69
1181,sample066_f9dcce53,sample133_a07c1913
1182,sample179_5d46b53e,sample065_f352d7d0
1183,speech_0650_ca368684,sample017_e847dff4
1184,sample232_cf98e3c8,sample013_82d2cad9
1185,sample015_a93d8cfa,speech_0843_101bfe11
1186,speech_0431_a2bad463,sample136_390f0707
1187,sample222_bfe748cb,sample219_9b7a084f
1188,sample020_4a03fd2e,sample183_ca767767
1189,sample119_a4f7dd43,sample054_ecc70f99
1190,speech_0990_50e90c97,sample086_fc6b25d7
1191,sample025_76911851,sample189_b2eb371f
1192,sample102_436dc55f,sample042_70ed032c
1193,sample008_056930c5,sample142_1985425c
1194,speech_0664_2a6025df,sample245_2638b53c
1195,sample164_6086e75c,sample221_0d7c78bd
1196,sample030_9732143a,sample229_f92eb5b1
1197,sample013_82d2cad9,sample083_f5ef4dc7
1198,sample131_26551668,speech_0144_76911851
1199,sample218_2eaffa66,sample092_7e1324ef
1200,sample028_28cee35c,speech_0890_6fbee84a
1201,sample192_144a35f2,speech_0812_4f85a4f9
1202,speech_0780_f5ef4dc7,speech_0309_e6b5ca93
1203,sample230_47b01153,speech_0163_cd0faf20
1204,sample029_6457d3d0,sample179_5d46b53e
1205,speech_0484_30b13499,sample005_a84d1a77
1206,sample247_388ecf10,sample241_9aeb4384
1207,speech_0021_1a3238c3,sample104_e61bf93a
1208,sample143_caa0315c,speech_0588_f841a2c6
1209,sample182_fc65241d,sample219_9b7a084f
1210,sample008_056930c5,speech_0098_4a03fd2e
1211,sample006_fe39613e,sample111_4737c4d2
1212,sample106_56fd4274,sample214_47d63bf9
1213,speech_0041_a93d8cfa,sample157_b1148f69
1214,sample152_2c7a9e21,sample207_2ca97251
1215,sample086_fc6b25d7,sample042_70ed032c
1216,sample099_122a179d,sample126_ff7c90d7
1217,sample213_d8480af4,speech_0882_671e5ef1
1218,sample024_50e90c97,speech_0384_2aff3b5d
1219,sample137_f533bb44,speech_0757_1b5867e7
1220,sample228_398bd9c3,sample149_46f6fc34
1221,sample144_29c8262d,sample170_e547d744
1222,sample056_f521058f,sample120_df4b6c69
1223,sample183_ca767767,sample084_c70d4e6b
1224,sample027_cd0faf20,speech_0123_41c39e41
1225,speech_0681_0b68117f,speech_0556_f352d7d0
1226,sample115_2bd91ef1,sample038_e6b5ca93
1227,speech_0283_2729e0e2,speech_0898_039a7b60
1228,sample146_36e0a56d,sample067_224b9d42
1229,sample064_0b854809,sample136_390f0707
1230,sample204_baf7f138,sample148_b944223f
1231,speech_0245_3c0550fc,sample007_946106c1
1232,speech_0116_d21d4bb3,sample227_23672cca
1233,sample071_1e1cdb9c,sample155_0163e391
1234,speech_0423_e847dff4,sample245_2638b53c
1235,sample033_e451edf0,sample166_8454c459
1236,sample066_f9dcce53,sample142_1985425c
1237,sample224_1fc3e356,sample177_0198da6e
1238,sample169_2e4395a7,sample122_e1166b1d
1239,sample189_b2eb371f,sample073_a3f37a12
1240,speech_0522_cdf92033,sample060_c4420875
1241,speech_0885_7e1324ef,sample124_3f5d1a8c
1242,sample097_0a02c41a,speech_0630_1e1cdb9c
1243,speech_0908_11e92880,sample062_daaf900c
1244,sample015_a93d8cfa,sample007_6d0d70d7
1245,sample025_76911851,sample164_6086e75c
1246,sample243_1ced9527,sample127_7d7b8f84
1247,speech_0975_7eeb677c,sample208_160ca549
1248,sample181_a6621347,sample147_b31be30b
1249,sample187_b0f03602,sample074_0d740677
1250,sample093_1c1b1da8,speech_0389_e4494277
1251,sample132_f2c32289,speech_0332_70ed032c
1252,sample201_5430f370,speech_0752_44c869d5
1253,speech_0657_0d740677,sample162_2cc0400c
1254,speech_0621_5cae6d79,sample178_f1334217
1255,sample046_3dda9f49,sample140_9355c8d3
1256,sample171_02b13e1c,sample134_0b972e44
1257,sample248_79b27f7d,speech_0055_ac47e9d0
1258,sample198_ee0e18d2,sample048_e4494277
1259,sample239_70abef06,sample154_f1fb8e99
1260,sample052_bcf1cb6d,speech_0789_fc6b25d7
1261,sample009_36a064d0,sample108_d2b794a9
1262,speech_0480_29b21bea,sample217_6377ae91
1263,sample200_d8677912,sample212_4d3716b5
1264,sample051_cadff688,sample049_fae6bd3c
1265,sample096_11e92880,sample193_a3aba001
1266,speech_0628_ecd1d324,speech_0741_906be0f9
1267,sample196_3469b979,sample145_685d512c
1268,sample087_61baefa8,sample185_0ea0912d
1269,sample079_906be0f9,sample232_cf98e3c8
1270,speech_0363_14ac45b4,sample234_553dcff0
1271,sample216_ffa6ee05,sample186_e5557310
1272,sample244_f01a5078,sample103_540aea48
1273,sample059_ea36c31b,sample159_918aa5c3
1274,speech_0575_224b9d42,sample190_762dfa42
1275,sample250_3e02512d,speech_0848_e7880a98
1276,speech_0039_ac17730c,sample113_8ada680d
1277,sample109_2f2d8c0a,sample220_5a48d9b6
1278,sample014_ac17730c,sample242_bc639087
1279,speech_0228_c4c1f623,speech_0460_fb292964
1280,sample045_14ac45b4,speech_0121_dab4ef06
1281,sample156_fd7b9fa4,sample233_4e88157a
1282,sample075_4764b9a3,speech_0320_06592579
1283,sample030_9732143a,sample238_fdf5ca49
1284,sample119_a4f7dd43,sample061_cdf92033
1285,sample117_4997d25a,speech_0338_e5a06143
1286,sample019_fb26ed47,speech_0927_0a02c41a
1287,sample153_285b89ed,sample017_e847dff4
1288,sample139_6badff7b,sample063_768a6a1b
1289,sample041_06592579,sample032_efba1c76
1290,sample026_cce061cf,sample225_ef9728ac
1291,sample043_e99d768e,speech_0432_ecc70f99
1292,sample240_f834f12b,sample101_fae0484f
1293,sample205_29b101bc,sample194_328dbd2a
1294,sample009_8fec8452,speech_0243_e451edf0
1295,sample211_a2b39b71,speech_0990_50e90c97
1296,speech_0304_c2d5e868,sample010_86c5159a
1297,sample091_671e5ef1,speech_0488_ea36c31b
1298,sample088_4f85a4f9,speech_0411_cadff688
1299,sample167_a27abf78,speech_0718_5b8ec916
1300,sample128_3857eff1,sample072_ca368684
1301,speech_0431_a2bad463,speech_0233_efba1c76
1302,sample081_44c869d5,sample121_76bcb529
1303,sample237_9472557e,sample004_a72e2802
1304,speech_0334_e99d768e,sample195_26730d6d
1305,sample173_2377df9e,sample165_cdf5c82d
1306,sample102_436dc55f,sample058_30b13499
1307,speech_0796_61baefa8,sample123_fc41e8f2
1308,sample231_a7ca1cbe,speech_0065_c980f33d
1309,speech_0366_3dda9f49,sample003_627b76ff
1310,speech_0060_b1cd40c7,speech_0650_ca368684
1311,sample077_0b68117f,sample057_29b21bea
1312,sample050_4cbe8ba0,speech_0664_2a6025df
1313,sample163_35d6a180,sample161_04667130
1314,speech_0307_79498522,sample180_e3d8d698
1315,sample080_20eca9e0,sample016_ac47e9d0
1316,sample020_4a03fd2e,speech_0784_c70d4e6b
1317,speech_0407_4cbe8ba0,sample078_5b8ec916
1318,sample184_2c9ff4fe,sample222_bfe748cb
1319,speech_0554_0b854809,sample070_ecd1d324
1320,sample036_c2d5e868,speech_0539_daaf900c
1321,sample055_fb292964,sample114_fdb345bb
1322,sample021_d21d4bb3,sample037_79498522
1323,speech_0205_9732143a,sample174_728e16bc
1324,sample095_039a7b60,sample133_a07c1913
1325,speech_0502_c4420875,sample047_2aff3b5d
1326,sample100_7eeb677c,sample076_2a6025df
1327,sample221_0d7c78bd,sample172_7588bd44
1328,sample209_bed041d7,speech_0406_fae6bd3c
1329,speech_0788_dd90578a,sample203_3b23436c
1330,sample082_1b5867e7,sample116_e242d5ac
1331,sample229_f92eb5b1,sample226_2d7ef8de
1332,sample158_3554df76,sample105_f7a5e5bd
1333,sample176_db87a5a2,sample085_dd90578a
1334,speech_0652_a3f37a12,sample160_ed88263c
1335,sample150_0515f210,sample053_a2bad463
1336,sample151_0c634082,sample090_e7880a98
1337,sample039_d5a20d17,sample236_f3d5c89f
1338,sample118_96a1642f,sample197_9fb7ce5f
1339,sample138_f46547e5,speech_0749_20eca9e0
1340,sample130_ed256ee8,sample068_f841a2c6
1341,speech_0573_f9dcce53,sample065_f352d7d0
1342,sample129_f22c6f56,sample023_41c39e41
1343,sample110_8e91af50,sample054_ecc70f99
1344,sample175_88993b09,sample223_e7455493
1345,sample199_40e217d7,speech_0193_6457d3d0
1346,sample135_743c9b1f,speech_0005_25be81fc
1347,speech_0843_101bfe11,sample089_101bfe11
1348,speech_0542_768a6a1b,sample249_2bdfb1f1
1349,sample202_3a6e070e,sample035_2729e0e2
1350,sample188_0e995f08,sample069_5cae6d79
1351,sample012_1a3238c3,sample206_cada7cf4
1352,sample040_2bfbed5d,sample235_ea92f26e
1353,sample210_ac1f93e1,sample044_e5a06143
1354,speech_0943_f5a9d2bc,sample141_8b2cf3b6
1355,speech_0310_d5a20d17,sample246_e8541fc4
1356,speech_0966_122a179d,sample034_3c0550fc
1357,sample112_44add070,sample018_c980f33d
1358,speech_0315_2bfbed5d,sample125_1b5a54f4
1359,speech_0025_82d2cad9,speech_0474_f521058f
1360,sample215_cc025b5e,speech_0658_4764b9a3
1361,sample011_25be81fc,sample094_6fbee84a
1362,sample001_3c29c5ba,sample191_3361e30f
1363,sample002_4e908fd2,sample168_22e2db9e
1364,speech_0175_28cee35c,sample031_c4c1f623
1365,sample022_dab4ef06,speech_0888_1c1b1da8
1366,speech_0158_cce061cf,sample098_f5a9d2bc
1367,sample107_a38717d4,speech_0067_fb26ed47
1368,sample219_9b7a084f,sample045_14ac45b4
1369,sample090_e7880a98,sample007_946106c1
1370,sample036_c2d5e868,sample140_9355c8d3
1371,speech_0332_70ed032c,sample005_a84d1a77
1372,sample233_4e88157a,sample129_f22c6f56
1373,sample003_627b76ff,sample060_c4420875
1374,sample192_144a35f2,sample087_61baefa8
1375,speech_0366_3dda9f49,sample200_d8677912
1376,sample211_a2b39b71,speech_0480_29b21bea
1377,sample062_daaf900c,sample110_8e91af50
1378,sample223_e7455493,speech_0315_2bfbed5d
1379,sample141_8b2cf3b6,sample043_e99d768e
1380,speech_0488_ea36c31b,sample086_fc6b25d7
1381,sample187_b0f03602,speech_0055_ac47e9d0
1382,sample206_cada7cf4,speech_0757_1b5867e7
1383,sample080_20eca9e0,speech_0407_4cbe8ba0
1384,sample009_8fec8452,sample074_0d740677
1385,sample164_6086e75c,speech_0664_2a6025df
1386,speech_0502_c4420875,sample153_285b89ed
1387,sample107_a38717d4,sample106_56fd4274
1388,sample108_d2b794a9,sample126_ff7c90d7
1389,sample025_76911851,sample245_2638b53c
1390,speech_0588_f841a2c6,sample228_398bd9c3
1391,speech_0908_11e92880,sample098_f5a9d2bc
1392,sample029_6457d3d0,sample207_2ca97251
1393,sample146_36e0a56d,sample070_ecd1d324
1394,sample186_e5557310,sample177_0198da6e
1395,sample222_bfe748cb,sample007_6d0d70d7
1396,speech_0411_cadff688,sample226_2d7ef8de
1397,sample006_fe39613e,sample240_f834f12b
1398,sample038_e6b5ca93,sample210_ac1f93e1
1399,speech_0650_ca368684,sample135_743c9b1f
1400,sample042_70ed032c,sample195_26730d6d
1401,sample031_c4c1f623,speech_0812_4f85a4f9
1402,speech_0630_1e1cdb9c,sample212_4d3716b5
1403,sample051_cadff688,sample230_47b01153
1404,speech_0554_0b854809,sample185_0ea0912d
1405,sample167_a27abf78,sample041_06592579
1406,speech_0718_5b8ec916,sample099_122a179d
1407,sample034_3c0550fc,sample076_2a6025df
1408,speech_0843_101bfe11,sample035_2729e0e2
1409,sample125_1b5a54f4,sample057_29b21bea
1410,sample037_79498522,speech_0363_14ac45b4
1411,sample168_22e2db9e,sample013_82d2cad9
1412,speech_0432_ecc70f99,speech_0005_25be81fc
1413,sample052_bcf1cb6d,sample193_a3aba001
1414,sample027_cd0faf20,sample237_9472557e
1415,sample156_fd7b9fa4,sample179_5d46b53e
1416,sample111_4737c4d2,speech_0025_82d2cad9
1417,speech_0163_cd0faf20,sample151_0c634082
1418,sample133_a07c1913,speech_0228_c4c1f623
1419,sample078_5b8ec916,sample128_3857eff1
1420,sample077_0b68117f,speech_0021_1a3238c3
1421,speech_0575_224b9d42,sample215_cc025b5e
1422,speech_0784_c70d4e6b,sample137_f533bb44
1423,sample243_1ced9527,sample092_7e1324ef
1424,sample224_1fc3e356,speech_0389_e4494277
1425,sample138_f46547e5,sample150_0515f210
1426,sample061_cdf92033,sample022_dab4ef06
1427,sample175_88993b09,sample082_1b5867e7
1428,sample232_cf98e3c8,sample157_b1148f69
1429,speech_0304_c2d5e868,speech_0789_fc6b25d7
1430,speech_0067_fb26ed47,sample165_cdf5c82d
1431,sample183_ca767767,speech_0310_d5a20d17
1432,speech_0975_7eeb677c,speech_0652_a3f37a12
1433,sample102_436dc55f,sample203_3b23436c
1434,sample053_a2bad463,sample002_4e908fd2
1435,sample127_7d7b8f84,sample069_5cae6d79
1436,speech_0158_cce061cf,speech_0556_f352d7d0
1437,sample001_3c29c5ba,sample083_f5ef4dc7
1438,sample149_46f6fc34,speech_0780_f5ef4dc7
1439,sample166_8454c459,speech_0788_dd90578a
1440,sample097_0a02c41a,sample134_0b972e44
1441,sample147_b31be30b,sample112_44add070
1442,sample026_cce061cf,sample136_390f0707
1443,speech_0283_2729e0e2,sample012_1a3238c3
1444,sample118_96a1642f,sample249_2bdfb1f1
1445,sample244_f01a5078,sample056_f521058f
1446,speech_0423_e847dff4,sample067_224b9d42
1447,sample015_a93d8cfa,speech_0681_0b68117f
1448,sample190_762dfa42,sample073_a3f37a12
1449,sample174_728e16bc,sample095_039a7b60
1450,speech_0039_ac17730c,sample202_3a6e070e
1451,sample032_efba1c76,speech_0098_4a03fd2e
1452,sample160_ed88263c,sample189_b2eb371f
1453,speech_0628_ecd1d324,sample148_b944223f
1454,sample199_40e217d7,sample143_caa0315c
1455,sample173_2377df9e,sample238_fdf5ca49
1456,speech_0205_9732143a,sample154_f1fb8e99
1457,sample014_ac17730c,sample021_d21d4bb3
1458,sample234_553dcff0,sample171_02b13e1c
1459,sample247_388ecf10,sample030_9732143a
1460,speech_0474_f521058f,sample009_36a064d0
1461,sample101_fae0484f,sample216_ffa6ee05
1462,sample145_685d512c,speech_0309_e6b5ca93
1463,sample161_04667130,speech_0882_671e5ef1
1464,sample201_5430f370,speech_0966_122a179d
1465,sample131_26551668,sample221_0d7c78bd
1466,sample246_e8541fc4,speech_0121_dab4ef06
1467,speech_0243_e451edf0,speech_0307_79498522
1468,sample227_23672cca,speech_0175_28cee35c
1469,sample016_ac47e9d0,sample114_fdb345bb
1470,sample239_70abef06,sample119_a4f7dd43
1471,sample139_6badff7b,sample208_160ca549
1472,sample188_0e995f08,sample017_e847dff4
1473,speech_0193_6457d3d0,sample248_79b27f7d
1474,sample071_1e1cdb9c,sample050_4cbe8ba0
1475,sample023_41c39e41,speech_0573_f9dcce53
1476,sample176_db87a5a2,sample104_e61bf93a
1477,sample055_fb292964,sample158_3554df76
1478,speech_0406_fae6bd3c,speech_0116_d21d4bb3
1479,sample046_3dda9f49,sample198_ee0e18d2
1480,sample159_918aa5c3,sample093_1c1b1da8
1481,sample054_ecc70f99,sample048_e4494277
1482,speech_0796_61baefa8,sample144_29c8262d
1483,speech_0431_a2bad463,sample231_a7ca1cbe
1484,sample091_671e5ef1,sample033_e451edf0
1485,speech_0484_30b13499,sample068_f841a2c6
1486,sample115_2bd91ef1,sample049_fae6bd3c
1487,sample084_c70d4e6b,speech_0334_e99d768e
1488,sample105_f7a5e5bd,sample121_76bcb529
1489,sample197_9fb7ce5f,sample162_2cc0400c
1490,sample085_dd90578a,sample194_328dbd2a
1491,sample229_f92eb5b1,sample181_a6621347
1492,sample063_768a6a1b,sample214_47d63bf9
1493,sample152_2c7a9e21,speech_0144_76911851
1494,sample250_3e02512d,sample018_c980f33d
1495,sample218_2eaffa66,speech_0741_906be0f9
1496,speech_0658_4764b9a3,sample116_e242d5ac
1497,speech_0123_41c39e41,sample209_bed041d7
1498,sample103_540aea48,sample236_f3d5c89f
1499,speech_0657_0d740677,sample155_0163e391
1500,sample079_906be0f9,sample124_3f5d1a8c
1501,sample213_d8480af4,sample242_bc639087
1502,speech_0460_fb292964,sample172_7588bd44
1503,speech_0898_039a7b60,sample117_4997d25a
1504,speech_0338_e5a06143,sample170_e547d744
1505,sample081_44c869d5,sample096_11e92880
1506,speech_0060_b1cd40c7,sample066_f9dcce53
1507,sample044_e5a06143,sample182_fc65241d
1508,sample008_056930c5,speech_0927_0a02c41a
1509,sample142_1985425c,sample122_e1166b1d
1510,sample004_a72e2802,sample178_f1334217
1511,speech_0888_1c1b1da8,sample241_9aeb4384
1512,sample028_28cee35c,sample040_2bfbed5d
1513,sample132_f2c32289,sample184_2c9ff4fe
1514,sample130_ed256ee8,sample169_2e4395a7
1515,speech_0621_5cae6d79,speech_0749_20eca9e0
1516,speech_0539_daaf900c,speech_0943_f5a9d2bc
1517,sample075_4764b9a3,sample180_e3d8d698
1518,sample088_4f85a4f9,sample204_baf7f138
1519,sample089_101bfe11,speech_0065_c980f33d
1520,speech_0522_cdf92033,sample120_df4b6c69
1521,sample191_3361e30f,sample163_35d6a180
1522,sample058_30b13499,sample024_50e90c97
1523,sample064_0b854809,speech_0384_2aff3b5d
1524,sample205_29b101bc,sample094_6fbee84a
1525,sample072_ca368684,speech_0041_a93d8cfa
1526,speech_0848_e7880a98,sample059_ea36c31b
1527,sample019_fb26ed47,sample123_fc41e8f2
1528,speech_0245_3c0550fc,sample109_2f2d8c0a
1529,speech_0752_44c869d5,speech_0542_768a6a1b
1530,sample100_7eeb677c,sample196_3469b979
1531,sample065_f352d7d0,sample220_5a48d9b6
1532,speech_0890_6fbee84a,speech_0233_efba1c76
1533,sample235_ea92f26e,sample047_2aff3b5d
1534,speech_0990_50e90c97,sample020_4a03fd2e
1535,speech_0885_7e1324ef,speech_0320_06592579
1536,sample010_86c5159a,sample011_25be81fc
1537,sample113_8ada680d,sample225_ef9728ac
1538,sample217_6377ae91,sample039_d5a20d17
1539,sample020_4a03fd2e,speech_0098_4a03fd2e
1540,sample019_fb26ed47,speech_0888_1c1b1da8
1541,sample084_c70d4e6b,sample129_f22c6f56
1542,sample213_d8480af4,sample103_540aea48
1543,speech_0628_ecd1d324,speech_0121_dab4ef06
1544,speech_0432_ecc70f99,sample070_ecd1d324
1545,sample023_41c39e41,sample038_e6b5ca93
1546,sample010_86c5159a,sample223_e7455493
1547,sample118_96a1642f,sample064_0b854809
1548,sample204_baf7f138,sample161_04667130
1549,sample113_8ada680d,sample187_b0f03602
1550,sample104_e61bf93a,speech_0752_44c869d5
1551,sample141_8b2cf3b6,sample203_3b23436c
1552,sample191_3361e30f,sample196_3469b979
1553,speech_0041_a93d8cfa,speech_0542_768a6a1b
1554,sample201_5430f370,sample177_0198da6e
1555,sample089_101bfe11,sample053_a2bad463
1556,sample216_ffa6ee05,speech_0123_41c39e41
1557,sample079_906be0f9,speech_0005_25be81fc
1558,sample003_627b76ff,speech_0423_e847dff4
1559,sample050_4cbe8ba0,sample110_8e91af50
1560,sample083_f5ef4dc7,sample026_cce061cf
1561,speech_0332_70ed032c,speech_0193_6457d3d0
1562,sample150_0515f210,sample220_5a48d9b6
1563,sample073_a3f37a12,sample035_2729e0e2
1564,sample058_30b13499,sample048_e4494277
1565,sample232_cf98e3c8,sample033_e451edf0
1566,speech_0116_d21d4bb3,sample106_56fd4274
1567,sample140_9355c8d3,speech_0718_5b8ec916
1568,sample226_2d7ef8de,speech_0621_5cae6d79
1569,sample166_8454c459,speech_0575_224b9d42
1570,sample170_e547d744,speech_0681_0b68117f
1571,sample009_36a064d0,sample185_0ea0912d
1572,speech_0539_daaf900c,speech_0908_11e92880
1573,sample169_2e4395a7,sample093_1c1b1da8
1574,speech_0943_f5a9d2bc,sample174_728e16bc
1575,sample246_e8541fc4,speech_0039_ac17730c
1576,sample237_9472557e,sample189_b2eb371f
1577,sample151_0c634082,sample068_f841a2c6
1578,sample175_88993b09,sample233_4e88157a
1579,sample097_0a02c41a,sample249_2bdfb1f1
1580,sample165_cdf5c82d,sample091_671e5ef1
1581,sample138_f46547e5,sample134_0b972e44
1582,speech_0990_50e90c97,sample197_9fb7ce5f
1583,sample145_685d512c,sample024_50e90c97
1584,sample027_cd0faf20,speech_0245_3c0550fc
1585,speech_0975_7eeb677c,sample067_224b9d42
1586,speech_0784_c70d4e6b,speech_0788_dd90578a
1587,speech_0144_76911851,sample217_6377ae91
1588,sample119_a4f7dd43,sample130_ed256ee8
1589,speech_0366_3dda9f49,speech_0067_fb26ed47
1590,speech_0885_7e1324ef,sample215_cc025b5e
1591,sample011_25be81fc,speech_0431_a2bad463
1592,sample015_a93d8cfa,sample061_cdf92033
1593,speech_0658_4764b9a3,sample207_2ca97251
1594,speech_0025_82d2cad9,sample198_ee0e18d2
1595,sample092_7e1324ef,sample022_dab4ef06
1596,sample108_d2b794a9,sample164_6086e75c
1597,sample229_f92eb5b1,sample231_a7ca1cbe
1598,sample051_cadff688,speech_0488_ea36c31b
1599,speech_0843_101bfe11,speech_0310_d5a20d17
1600,sample031_c4c1f623,speech_0233_efba1c76
1601,sample136_390f0707,sample143_caa0315c
1602,sample034_3c0550fc,sample167_a27abf78
1603,speech_0175_28cee35c,speech_0205_9732143a
1604,sample094_6fbee84a,sample041_06592579
1605,speech_0309_e6b5ca93,sample055_fb292964
1606,sample025_76911851,sample112_44add070
1607,sample154_f1fb8e99,sample230_47b01153
1608,sample001_3c29c5ba,sample224_1fc3e356
1609,speech_0474_f521058f,sample139_6badff7b
1610,sample153_285b89ed,sample122_e1166b1d
1611,sample137_f533bb44,speech_0163_cd0faf20
1612,sample243_1ced9527,sample159_918aa5c3
1613,speech_0484_30b13499,sample109_2f2d8c0a
1614,sample120_df4b6c69,sample158_3554df76
1615,speech_0664_2a6025df,sample005_a84d1a77
1616,speech_0304_c2d5e868,speech_0780_f5ef4dc7
1617,sample162_2cc0400c,sample127_7d7b8f84
1618,sample144_29c8262d,sample234_553dcff0
1619,sample074_0d740677,sample194_328dbd2a
1620,speech_0315_2bfbed5d,sample168_22e2db9e
1621,sample062_daaf900c,speech_0406_fae6bd3c
1622,sample128_3857eff1,sample086_fc6b25d7
1623,sample178_f1334217,sample030_9732143a
1624,sample152_2c7a9e21,sample235_ea92f26e
1625,sample040_2bfbed5d,sample212_4d3716b5
1626,sample171_02b13e1c,sample045_14ac45b4
1627,speech_0927_0a02c41a,speech_0652_a3f37a12
1628,speech_0283_2729e0e2,sample238_fdf5ca49
1629,sample090_e7880a98,sample046_3dda9f49
1630,sample184_2c9ff4fe,sample193_a3aba001
1631,speech_0060_b1cd40c7,sample018_c980f33d
1632,sample227_23672cca,sample052_bcf1cb6d
1633,sample013_82d2cad9,speech_0630_1e1cdb9c
1634,sample004_a72e2802,speech_0502_c4420875
1635,sample225_ef9728ac,sample107_a38717d4
1636,sample076_2a6025df,sample219_9b7a084f
1637,sample188_0e995f08,speech_0749_20eca9e0
1638,sample021_d21d4bb3,sample126_ff7c90d7
1639,sample176_db87a5a2,sample173_2377df9e
1640,sample012_1a3238c3,sample242_bc639087
1641,sample186_e5557310,sample124_3f5d1a8c
1642,sample115_2bd91ef1,sample037_79498522
1643,sample088_4f85a4f9,sample117_4997d25a
1644,speech_0158_cce061cf,sample146_36e0a56d
1645,sample002_4e908fd2,sample075_4764b9a3
1646,sample009_8fec8452,speech_0757_1b5867e7
1647,speech_0898_039a7b60,sample069_5cae6d79
1648,sample042_70ed032c,sample182_fc65241d
1649,sample098_f5a9d2bc,sample199_40e217d7
1650,sample214_47d63bf9,sample208_160ca549
1651,sample132_f2c32289,speech_0363_14ac45b4
1652,speech_0055_ac47e9d0,sample123_fc41e8f2
1653,sample239_70abef06,sample111_4737c4d2
1654,sample029_6457d3d0,sample114_fdb345bb
1655,sample016_ac47e9d0,speech_0650_ca368684
1656,speech_0384_2aff3b5d,sample032_efba1c76
1657,speech_0588_f841a2c6,speech_0812_4f85a4f9
1658,sample071_1e1cdb9c,sample017_e847dff4
1659,sample192_144a35f2,sample060_c4420875
1660,speech_0796_61baefa8,sample028_28cee35c
1661,speech_0389_e4494277,sample202_3a6e070e
1662,sample116_e242d5ac,sample180_e3d8d698
1663,speech_0460_fb292964,sample228_398bd9c3
1664,sample100_7eeb677c,sample057_29b21bea
1665,sample222_bfe748cb,speech_0966_122a179d
1666,sample247_388ecf10,sample163_35d6a180
1667,speech_0848_e7880a98,sample236_f3d5c89f
1668,sample172_7588bd44,sample101_fae0484f
1669,sample211_a2b39b71,speech_0243_e451edf0
1670,sample245_2638b53c,sample200_d8677912
1671,speech_0334_e99d768e,sample036_c2d5e868
1672,sample047_2aff3b5d,sample087_61baefa8
1673,sample205_29b101bc,sample209_bed041d7
1674,speech_0407_4cbe8ba0,sample099_122a179d
1675,sample190_762dfa42,speech_0320_06592579
1676,sample206_cada7cf4,speech_0890_6fbee84a
1677,speech_0882_671e5ef1,sample096_11e92880
1678,speech_0411_cadff688,sample244_f01a5078
1679,sample043_e99d768e,sample179_5d46b53e
1680,sample218_2eaffa66,speech_0554_0b854809
1681,speech_0307_79498522,sample157_b1148f69
1682,sample065_f352d7d0,speech_0228_c4c1f623
1683,sample059_ea36c31b,sample149_46f6fc34
1684,sample181_a6621347,sample183_ca767767
1685,sample125_1b5a54f4,sample077_0b68117f
1686,sample066_f9dcce53,sample063_768a6a1b
1687,sample054_ecc70f99,sample078_5b8ec916
1688,sample056_f521058f,sample160_ed88263c
1689,sample044_e5a06143,sample085_dd90578a
1690,sample142_1985425c,speech_0522_cdf92033
1691,sample240_f834f12b,sample039_d5a20d17
1692,speech_0789_fc6b25d7,speech_0065_c980f33d
1693,speech_0021_1a3238c3,sample195_26730d6d
1694,sample133_a07c1913,sample210_ac1f93e1
1695,speech_0556_f352d7d0,sample049_fae6bd3c
1696,sample082_1b5867e7,sample007_946106c1
1697,sample148_b944223f,sample135_743c9b1f
1698,sample072_ca368684,speech_0657_0d740677
1699,sample250_3e02512d,sample131_26551668
1700,sample156_fd7b9fa4,sample105_f7a5e5bd
1701,sample121_76bcb529,sample248_79b27f7d
1702,sample081_44c869d5,sample095_039a7b60
1703,sample147_b31be30b,speech_0480_29b21bea
1704,sample241_9aeb4384,speech_0741_906be0f9
1705,sample014_ac17730c,sample008_056930c5
1706,sample221_0d7c78bd,sample080_20eca9e0
1707,speech_0338_e5a06143,sample007_6d0d70d7
1708,sample155_0163e391,speech_0573_f9dcce53
1709,sample102_436dc55f,sample006_fe39613e
1710,sample189_b2eb371f,sample049_fae6bd3c
1711,speech_0055_ac47e9d0,speech_0158_cce061cf
1712,speech_0542_768a6a1b,sample104_e61bf93a
1713,sample150_0515f210,sample086_fc6b25d7
1714,sample115_2bd91ef1,speech_0488_ea36c31b
1715,sample107_a38717d4,sample056_f521058f
1716,sample119_a4f7dd43,sample248_79b27f7d
1717,sample211_a2b39b71,sample149_46f6fc34
1718,sample210_ac1f93e1,sample195_26730d6d
1719,speech_0065_c980f33d,sample182_fc65241d
1720,speech_0332_70ed032c,sample155_0163e391
1721,sample053_a2bad463,speech_0784_c70d4e6b
1722,sample173_2377df9e,speech_0630_1e1cdb9c
1723,speech_0228_c4c1f623,sample014_ac17730c
1724,sample096_11e92880,sample042_70ed032c
1725,sample186_e5557310,sample101_fae0484f
1726,sample099_122a179d,sample112_44add070
1727,sample057_29b21bea,speech_0588_f841a2c6
1728,sample088_4f85a4f9,sample188_0e995f08
1729,sample072_ca368684,sample041_06592579
1730,speech_0681_0b68117f,sample077_0b68117f
1731,speech_0205_9732143a,sample171_02b13e1c
1732,sample035_2729e0e2,sample178_f1334217
1733,sample040_2bfbed5d,sample137_f533bb44
1734,sample071_1e1cdb9c,sample207_2ca97251
1735,sample065_f352d7d0,sample046_3dda9f49
1736,sample194_328dbd2a,sample192_144a35f2
1737,sample181_a6621347,sample228_398bd9c3
1738,sample174_728e16bc,speech_0283_2729e0e2
1739,sample166_8454c459,sample005_a84d1a77
1740,sample070_ecd1d324,speech_0812_4f85a4f9
1741,sample010_86c5159a,sample063_768a6a1b
1742,sample066_f9dcce53,speech_0245_3c0550fc
1743,sample139_6badff7b,sample059_ea36c31b
1744,sample218_2eaffa66,speech_0480_29b21bea
1745,speech_0123_41c39e41,sample131_26551668
1746,sample141_8b2cf3b6,sample024_50e90c97
1747,sample214_47d63bf9,speech_0749_20eca9e0
1748,sample199_40e217d7,speech_0652_a3f37a12
1749,speech_0658_4764b9a3,sample148_b944223f
1750,sample183_ca767767,sample007_6d0d70d7
1751,sample206_cada7cf4,sample081_44c869d5
1752,sample095_039a7b60,sample011_25be81fc
1753,speech_0628_ecd1d324,sample007_946106c1
1754,speech_0789_fc6b25d7,sample225_ef9728ac
1755,sample240_f834f12b,sample238_fdf5ca49
1756,sample098_f5a9d2bc,sample187_b0f03602
1757,sample245_2638b53c,speech_0193_6457d3d0
1758,speech_0664_2a6025df,sample144_29c8262d
1759,sample082_1b5867e7,sample191_3361e30f
1760,sample019_fb26ed47,sample058_30b13499
1761,speech_0474_f521058f,sample134_0b972e44
1762,speech_0556_f352d7d0,speech_0796_61baefa8
1763,sample064_0b854809,sample032_efba1c76
1764,sample172_7588bd44,sample142_1985425c
1765,sample044_e5a06143,sample232_cf98e3c8
1766,sample001_3c29c5ba,sample009_8fec8452
1767,sample133_a07c1913,sample197_9fb7ce5f
1768,sample117_4997d25a,sample114_fdb345bb
1769,speech_0363_14ac45b4,sample027_cd0faf20
1770,sample198_ee0e18d2,sample060_c4420875
1771,sample116_e242d5ac,speech_0309_e6b5ca93
1772,speech_0943_f5a9d2bc,speech_0908_11e92880
1773,sample012_1a3238c3,sample246_e8541fc4
1774,sample023_41c39e41,sample003_627b76ff
1775,speech_0621_5cae6d79,sample151_0c634082
1776,sample125_1b5a54f4,sample160_ed88263c
1777,sample201_5430f370,sample026_cce061cf
1778,sample013_82d2cad9,sample147_b31be30b
1779,sample157_b1148f69,sample219_9b7a084f
1780,sample118_96a1642f,speech_0389_e4494277
1781,speech_0848_e7880a98,speech_0067_fb26ed47
1782,sample009_36a064d0,sample002_4e908fd2
1783,speech_0890_6fbee84a,sample022_dab4ef06
1784,speech_0927_0a02c41a,speech_0304_c2d5e868
1785,sample120_df4b6c69,speech_0163_cd0faf20
1786,sample108_d2b794a9,speech_0898_039a7b60
1787,sample126_ff7c90d7,sample092_7e1324ef
1788,sample008_056930c5,sample093_1c1b1da8
1789,sample045_14ac45b4,sample180_e3d8d698
1790,speech_0502_c4420875,sample080_20eca9e0
1791,speech_0650_ca368684,sample244_f01a5078
1792,sample038_e6b5ca93,sample138_f46547e5
1793,speech_0005_25be81fc,sample075_4764b9a3
1794,speech_0406_fae6bd3c,sample213_d8480af4
1795,sample105_f7a5e5bd,speech_0573_f9dcce53
1796,sample231_a7ca1cbe,sample051_cadff688
1797,sample085_dd90578a,sample006_fe39613e
1798,speech_0885_7e1324ef,speech_0025_82d2cad9
1799,sample100_7eeb677c,sample102_436dc55f
1800,sample152_2c7a9e21,sample217_6377ae91
1801,sample018_c980f33d,sample179_5d46b53e
1802,sample004_a72e2802,sample031_c4c1f623
1803,sample076_2a6025df,sample159_918aa5c3
1804,speech_0060_b1cd40c7,speech_0975_7eeb677c
1805,sample176_db87a5a2,speech_0522_cdf92033
1806,speech_0121_dab4ef06,sample130_ed256ee8
1807,sample200_d8677912,speech_0041_a93d8cfa
1808,sample205_29b101bc,speech_0741_906be0f9
1809,sample074_0d740677,speech_0888_1c1b1da8
1810,speech_0021_1a3238c3,sample050_4cbe8ba0
1811,speech_0384_2aff3b5d,sample034_3c0550fc
1812,speech_0307_79498522,sample163_35d6a180
1813,sample140_9355c8d3,sample132_f2c32289
1814,sample204_baf7f138,speech_0431_a2bad463
1815,speech_0407_4cbe8ba0,sample170_e547d744
1816,sample122_e1166b1d,speech_0423_e847dff4
1817,sample230_47b01153,speech_0243_e451edf0
1818,sample143_caa0315c,sample229_f92eb5b1
1819,sample090_e7880a98,speech_0315_2bfbed5d
1820,sample087_61baefa8,sample123_fc41e8f2
1821,sample043_e99d768e,sample193_a3aba001
1822,sample015_a93d8cfa,sample146_36e0a56d
1823,sample030_9732143a,speech_0484_30b13499
1824,speech_0116_d21d4bb3,sample145_685d512c
1825,sample168_22e2db9e,sample016_ac47e9d0
1826,sample237_9472557e,sample164_6086e75c
1827,speech_0539_daaf900c,sample124_3f5d1a8c
1828,sample250_3e02512d,speech_0098_4a03fd2e
1829,speech_0657_0d740677,sample110_8e91af50
1830,sample208_160ca549,speech_0233_efba1c76
1831,sample185_0ea0912d,speech_0039_ac17730c
1832,sample073_a3f37a12,sample103_540aea48
1833,sample169_2e4395a7,sample177_0198da6e
1834,sample025_76911851,sample212_4d3716b5
1835,speech_0460_fb292964,sample165_cdf5c82d
1836,sample028_28cee35c,speech_0966_122a179d
1837,sample249_2bdfb1f1,speech_0320_06592579
1838,sample054_ecc70f99,sample135_743c9b1f
1839,sample121_76bcb529,sample029_6457d3d0
1840,speech_0780_f5ef4dc7,sample224_1fc3e356
1841,sample062_daaf900c,sample017_e847dff4
1842,sample216_ffa6ee05,sample220_5a48d9b6
1843,speech_0575_224b9d42,sample241_9aeb4384
1844,sample227_23672cca,speech_0843_101bfe11
1845,sample196_3469b979,sample175_88993b09
1846,sample215_cc025b5e,speech_0144_76911851
1847,sample167_a27abf78,sample020_4a03fd2e
1848,sample209_bed041d7,sample097_0a02c41a
1849,sample037_79498522,sample069_5cae6d79
1850,sample036_c2d5e868,sample236_f3d5c89f
1851,sample247_388ecf10,sample223_e7455493
1852,sample202_3a6e070e,sample128_3857eff1
1853,sample089_101bfe11,sample154_f1fb8e99
1854,sample048_e4494277,sample047_2aff3b5d
1855,speech_0310_d5a20d17,speech_0554_0b854809
1856,sample039_d5a20d17,speech_0757_1b5867e7
1857,sample106_56fd4274,sample129_f22c6f56
1858,sample153_285b89ed,sample221_0d7c78bd
1859,sample083_f5ef4dc7,sample109_2f2d8c0a
1860,sample127_7d7b8f84,sample242_bc639087
1861,sample233_4e88157a,speech_0752_44c869d5
1862,sample190_762dfa42,sample222_bfe748cb
1863,sample094_6fbee84a,sample068_f841a2c6
1864,sample111_4737c4d2,sample021_d21d4bb3
1865,sample235_ea92f26e,sample226_2d7ef8de
1866,sample113_8ada680d,sample158_3554df76
1867,speech_0718_5b8ec916,speech_0338_e5a06143
1868,sample162_2cc0400c,speech_0432_ecc70f99
1869,sample239_70abef06,sample052_bcf1cb6d
1870,speech_0175_28cee35c,speech_0366_3dda9f49
1871,sample184_2c9ff4fe,sample061_cdf92033
1872,sample243_1ced9527,speech_0788_dd90578a
1873,speech_0882_671e5ef1,sample156_fd7b9fa4
1874,sample203_3b23436c,sample055_fb292964
1875,sample161_04667130,sample033_e451edf0
1876,sample091_671e5ef1,speech_0334_e99d768e
1877,sample136_390f0707,speech_0990_50e90c97
1878,sample078_5b8ec916,sample079_906be0f9
1879,speech_0411_cadff688,sample084_c70d4e6b
1880,sample234_553dcff0,sample067_224b9d42
1881,sample231_a7ca1cbe,speech_0307_79498522
1882,sample153_285b89ed,sample075_4764b9a3
1883,sample218_2eaffa66,sample105_f7a5e5bd
1884,sample100_7eeb677c,sample043_e99d768e
1885,speech_0309_e6b5ca93,speech_0423_e847dff4
1886,sample162_2cc0400c,sample193_a3aba001
1887,sample143_caa0315c,sample190_762dfa42
1888,sample177_0198da6e,sample030_9732143a
1889,speech_0163_cd0faf20,sample183_ca767767
1890,sample152_2c7a9e21,sample164_6086e75c
1891,speech_0025_82d2cad9,sample189_b2eb371f
1892,sample242_bc639087,sample066_f9dcce53
1893,sample185_0ea0912d,sample054_ecc70f99
1894,sample101_fae0484f,sample239_70abef06
1895,sample096_11e92880,sample202_3a6e070e
1896,sample211_a2b39b71,sample188_0e995f08
1897,sample033_e451edf0,sample167_a27abf78
1898,sample029_6457d3d0,speech_0315_2bfbed5d
1899,sample009_36a064d0,speech_0406_fae6bd3c
1900,sample133_a07c1913,speech_0975_7eeb677c
1901,sample127_7d7b8f84,sample037_79498522
1902,sample109_2f2d8c0a,sample250_3e02512d
1903,sample119_a4f7dd43,sample140_9355c8d3
1904,sample103_540aea48,sample046_3dda9f49
1905,speech_0205_9732143a,sample224_1fc3e356
1906,sample098_f5a9d2bc,sample226_2d7ef8de
1907,sample169_2e4395a7,sample006_fe39613e
1908,sample234_553dcff0,speech_0681_0b68117f
1909,sample032_efba1c76,sample236_f3d5c89f
1910,sample144_29c8262d,sample165_cdf5c82d
1911,speech_0175_28cee35c,speech_0752_44c869d5
1912,sample174_728e16bc,speech_0123_41c39e41
1913,sample149_46f6fc34,sample112_44add070
1914,sample120_df4b6c69,sample012_1a3238c3
1915,speech_0652_a3f37a12,speech_0116_d21d4bb3
1916,sample063_768a6a1b,sample155_0163e391
1917,speech_0554_0b854809,speech_0796_61baefa8
1918,sample053_a2bad463,sample114_fdb345bb
1919,sample227_23672cca,sample056_f521058f
1920,sample228_398bd9c3,speech_0843_101bfe11
1921,sample232_cf98e3c8,sample240_f834f12b
1922,speech_0890_6fbee84a,speech_0055_ac47e9d0
1923,speech_0788_dd90578a,sample213_d8480af4
1924,sample034_3c0550fc,sample141_8b2cf3b6
1925,sample207_2ca97251,sample163_35d6a180
1926,sample073_a3f37a12,sample197_9fb7ce5f
1927,speech_0628_ecd1d324,sample067_224b9d42
1928,speech_0366_3dda9f49,sample070_ecd1d324
1929,sample007_6d0d70d7,speech_0718_5b8ec916
1930,sample157_b1148f69,sample068_f841a2c6
1931,sample170_e547d744,sample045_14ac45b4
1932,sample219_9b7a084f,sample003_627b76ff
1933,speech_0480_29b21bea,sample246_e8541fc4
1934,sample079_906be0f9,speech_0488_ea36c31b
1935,sample020_4a03fd2e,sample214_47d63bf9
1936,speech_0741_906be0f9,speech_0065_c980f33d
1937,sample050_4cbe8ba0,speech_0384_2aff3b5d
1938,sample001_3c29c5ba,sample178_f1334217
1939,sample071_1e1cdb9c,speech_0658_4764b9a3
1940,sample061_cdf92033,sample173_2377df9e
1941,speech_0484_30b13499,speech_0304_c2d5e868
1942,sample023_41c39e41,sample095_039a7b60
1943,sample221_0d7c78bd,sample150_0515f210
1944,speech_0757_1b5867e7,sample028_28cee35c
1945,speech_0990_50e90c97,speech_0228_c4c1f623
1946,sample145_685d512c,sample083_f5ef4dc7
1947,sample014_ac17730c,sample060_c4420875
1948,sample154_f1fb8e99,sample027_cd0faf20
1949,speech_0432_ecc70f99,speech_0233_efba1c76
1950,sample107_a38717d4,sample019_fb26ed47
1951,sample022_dab4ef06,sample082_1b5867e7
1952,sample195_26730d6d,speech_0927_0a02c41a
1953,speech_0431_a2bad463,sample192_144a35f2
1954,sample199_40e217d7,speech_0243_e451edf0
1955,sample091_671e5ef1,sample247_388ecf10
1956,sample201_5430f370,speech_0332_70ed032c
1957,sample090_e7880a98,sample203_3b23436c
1958,sample038_e6b5ca93,sample048_e4494277
1959,speech_0784_c70d4e6b,sample182_fc65241d
1960,speech_0657_0d740677,sample018_c980f33d
1961,sample151_0c634082,sample186_e5557310
1962,sample235_ea92f26e,sample113_8ada680d
1963,sample215_cc025b5e,sample130_ed256ee8
1964,sample200_d8677912,sample158_3554df76
1965,speech_0650_ca368684,speech_0338_e5a06143
1966,sample117_4997d25a,sample206_cada7cf4
1967,sample125_1b5a54f4,sample205_29b101bc
1968,sample171_02b13e1c,sample084_c70d4e6b
1969,speech_0389_e4494277,sample129_f22c6f56
1970,sample142_1985425c,sample115_2bd91ef1
1971,speech_0780_f5ef4dc7,sample106_56fd4274
1972,sample065_f352d7d0,sample015_a93d8cfa
1973,sample005_a84d1a77,sample086_fc6b25d7
1974,speech_0885_7e1324ef,sample111_4737c4d2
1975,sample175_88993b09,sample069_5cae6d79
1976,sample147_b31be30b,sample180_e3d8d698
1977,sample016_ac47e9d0,speech_0474_f521058f
1978,speech_0888_1c1b1da8,sample017_e847dff4
1979,sample249_2bdfb1f1,speech_0664_2a6025df
1980,speech_0005_25be81fc,sample191_3361e30f
1981,speech_0021_1a3238c3,sample168_22e2db9e
1982,sample080_20eca9e0,speech_0556_f352d7d0
1983,sample031_c4c1f623,sample208_160ca549
1984,sample194_328dbd2a,speech_0542_768a6a1b
1985,sample052_bcf1cb6d,sample011_25be81fc
1986,speech_0749_20eca9e0,speech_0411_cadff688
1987,speech_0121_dab4ef06,sample134_0b972e44
1988,speech_0363_14ac45b4,sample076_2a6025df
1989,sample122_e1166b1d,sample209_bed041d7
1990,speech_0060_b1cd40c7,speech_0067_fb26ed47
1991,sample062_daaf900c,sample035_2729e0e2
1992,sample102_436dc55f,sample002_4e908fd2
1993,sample064_0b854809,sample093_1c1b1da8
1994,sample244_f01a5078,sample025_76911851
1995,sample088_4f85a4f9,sample181_a6621347
1996,speech_0502_c4420875,sample085_dd90578a
1997,sample245_2638b53c,speech_0245_3c0550fc
1998,sample087_61baefa8,sample126_ff7c90d7
1999,speech_0283_2729e0e2,speech_0144_76911851
2000,speech_0575_224b9d42,speech_0407_4cbe8ba0
2001,sample124_3f5d1a8c,sample051_cadff688
2002,sample241_9aeb4384,sample148_b944223f
2003,sample026_cce061cf,sample039_d5a20d17
2004,speech_0898_039a7b60,speech_0943_f5a9d2bc
2005,sample212_4d3716b5,sample010_86c5159a
2006,speech_0908_11e92880,sample238_fdf5ca49
2007,sample210_ac1f93e1,sample156_fd7b9fa4
2008,speech_0522_cdf92033,speech_0966_122a179d
2009,sample230_47b01153,speech_0630_1e1cdb9c
